"Video asset ID","Universal video ID","Page ID","Page name",Title,"Duration (sec)","Publish time","Custom labels",Comment,Date,Impressions,"People reached",Comments,Shares,Likes,"3-Second Video Views","60-Second Video Views","Seconds Viewed","Averaged Seconds Viewed","Unique Video 60-Second Views","60-Second Views From Recommendations","60-Second Views From Shares","60-Second Views From Followers","60-Second Views From Boosted posts","Seconds Viewed From Recommendations","Seconds Viewed From Shares","Seconds Viewed From Followers","Seconds Viewed From Boosted posts","Average Seconds Viewed From Recommendations","Average Seconds Viewed From Shares","Average Seconds Viewed From Followers","Average Seconds Viewed From Boosted posts","Percentage of Total Views at Interval 0","Percentage of Total Views at Interval 1","Percentage of Total Views at Interval 2","Percentage of Total Views at Interval 3","Percentage of Total Views at Interval 4","Percentage of Total Views at Interval 5","Percentage of Total Views at Interval 6","Percentage of Total Views at Interval 7","Percentage of Total Views at Interval 8","Percentage of Total Views at Interval 9","Percentage of Total Views at Interval 10","Percentage of Total Views at Interval 11","Percentage of Total Views at Interval 12","Percentage of Total Views at Interval 13","Percentage of Total Views at Interval 14","Percentage of Total Views at Interval 15","Percentage of Total Views at Interval 16","Percentage of Total Views at Interval 17","Percentage of Total Views at Interval 18","Percentage of Total Views at Interval 19","Percentage of Total Views at Interval 20","Percentage of Total Views at Interval 21","Percentage of Total Views at Interval 22","Percentage of Total Views at Interval 23","Percentage of Total Views at Interval 24","Percentage of Total Views at Interval 25","Percentage of Total Views at Interval 26","Percentage of Total Views at Interval 27","Percentage of Total Views at Interval 28","Percentage of Total Views at Interval 29","Percentage of Total Views at Interval 30","Percentage of Total Views at Interval 31","Percentage of Total Views at Interval 32","Percentage of Total Views at Interval 33","Percentage of Total Views at Interval 34","Percentage of Total Views at Interval 35","Percentage of Total Views at Interval 36","Percentage of Total Views at Interval 37","Percentage of Total Views at Interval 38","Percentage of Total Views at Interval 39","Percentage of Total Views at Interval 40","Percentage of 15-Second Views at Interval 0","Percentage of 15-Second Views at Interval 1","Percentage of 15-Second Views at Interval 2","Percentage of 15-Second Views at Interval 3","Percentage of 15-Second Views at Interval 4","Percentage of 15-Second Views at Interval 5","Percentage of 15-Second Views at Interval 6","Percentage of 15-Second Views at Interval 7","Percentage of 15-Second Views at Interval 8","Percentage of 15-Second Views at Interval 9","Percentage of 15-Second Views at Interval 10","Percentage of 15-Second Views at Interval 11","Percentage of 15-Second Views at Interval 12","Percentage of 15-Second Views at Interval 13","Percentage of 15-Second Views at Interval 14","Percentage of 15-Second Views at Interval 15","Percentage of 15-Second Views at Interval 16","Percentage of 15-Second Views at Interval 17","Percentage of 15-Second Views at Interval 18","Percentage of 15-Second Views at Interval 19","Percentage of 15-Second Views at Interval 20","Percentage of 15-Second Views at Interval 21","Percentage of 15-Second Views at Interval 22","Percentage of 15-Second Views at Interval 23","Percentage of 15-Second Views at Interval 24","Percentage of 15-Second Views at Interval 25","Percentage of 15-Second Views at Interval 26","Percentage of 15-Second Views at Interval 27","Percentage of 15-Second Views at Interval 28","Percentage of 15-Second Views at Interval 29","Percentage of 15-Second Views at Interval 30","Percentage of 15-Second Views at Interval 31","Percentage of 15-Second Views at Interval 32","Percentage of 15-Second Views at Interval 33","Percentage of 15-Second Views at Interval 34","Percentage of 15-Second Views at Interval 35","Percentage of 15-Second Views at Interval 36","Percentage of 15-Second Views at Interval 37","Percentage of 15-Second Views at Interval 38","Percentage of 15-Second Views at Interval 39","Percentage of 15-Second Views at Interval 40","Estimated Earnings (USD)","Views by top audience (13-17, F)","Views by top audience (13-17, M)","Views by top audience (18-24, F)","Views by top audience (18-24, M)","Views by top audience (25-34, F)","Views by top audience (25-34, M)","Views by top audience (35-44, F)","Views by top audience (35-44, M)","Views by top audience (45-54, F)","Views by top audience (45-54, M)","Views by top audience (55-64, F)","Views by top audience (55-64, M)","Views by top audience (65+, F)","Views by top audience (65+, M)","Views by top audience (13-17)","Views by top audience (18-24)","Views by top audience (25-34)","Views by top audience (35-44)","Views by top audience (45-54)","Views by top audience (55-64)","Views by top audience (65+)","Views by top audience (F)","Views by top audience (M)","Views by country (United States (US))","Views by country (France (FR))","Views by country (Canada (CA))","Views by country (United Kingdom (GB))","Views by country (Germany (DE))","Views by country (Poland (PL))","Views by country (Italy (IT))","Views by country (Czech Republic (CZ))","Views by country (Hungary (HU))","Views by country (Australia (AU))","Views by country (Belgium (BE))","Views by country (Romania (RO))","Views by country (Spain (ES))","Views by country (Greece (GR))","Views by country (Netherlands (NL))","Views by country (Mexico (MX))","Views by country (Slovakia (SK))","Views by country (Sweden (SE))","Views by country (South Africa (ZA))","Views by country (Ireland (IE))","Views by country (Brazil (BR))","Views by country (Austria (AT))","Views by country (Denmark (DK))","Views by country (Bulgaria (BG))","Views by country (Lithuania (LT))","Views by country (India (IN))","Views by country (Croatia (HR))","Views by country (New Zealand (NZ))","Views by country (Argentina (AR))","Views by country (Philippines (PH))","Views by country (Ukraine (UA))","Views by country (Serbia (RS))","Views by country (Thailand (TH))","Views by country (Portugal (PT))","Views by country (Chile (CL))","Views by country (Bosnia and Herzegovina (BA))","Views by country (Switzerland (CH))","Views by country (Israel (IL))","Views by country (Slovenia (SI))","Views by country (Turkey (TR))","Views by country (Norway (NO))","Views by country (Puerto Rico (PR))","Views by country (Algeria (DZ))","Views by country (Estonia (EE))","Views by country (Indonesia (ID))","Views by country (Colombia (CO))","Views by country (Pakistan (PK))","Views by country (Malaysia (MY))","Views by country (Egypt (EG))","Views by country (Costa Rica (CR))","Views by country (Ecuador (EC))","Views by country (Peru (PE))","Views by country (Uruguay (UY))","Views by country (Finland (FI))","Views by country (Trinidad and Tobago (TT))","Views by country (Dominican Republic (DO))","Views by country (Guatemala (GT))","Views by country (Nicaragua (NI))","Views by country (Honduras (HN))","Views by country (Venezuela (VE))","Views by country (Macedonia (MK))","Views by country (Mongolia (MN))","Views by country (Hong Kong (HK))","Views by country (Bangladesh (BD))","Views by country (Sri Lanka (LK))","Views by country (Singapore (SG))","Views by country (Latvia (LV))","Estimated earnings by Video (USD)","Views by country (Mauritius (MU))","Views by country (United Arab Emirates (AE))","Views by country (Myanmar (MM))","Views by country (Réunion (RE))","Views by country (Tunisia (TN))"
915461446395979,,326517011093207,"DIY with Hometalk","Hide clutter for $10 (BRILLIANT!)",200,"04/06/2023 15:04",,,Lifetime,202449,199124,20,186,818,73207,21271,3946340.65,23.84,21214,14214,53,7004,0,2609845.03,10992.72,1325503.95,0,24.77,9.53,22.45,0,0.99,0.77,0.53,0.46,0.42,0.41,0.39,0.33,0.29,0.28,0.27,0.25,0.24,0.2,0.19,0.19,0.18,0.18,0.18,0.16,0.15,0.13,0.12,0.11,0.1,0.09,0.08,0.08,0.08,0.08,0.07,0.07,0.07,0.06,0.06,0.06,0.06,0.06,0.06,0.06,0.03,1,1,1,0.99,0.94,0.92,0.87,0.75,0.68,0.65,0.63,0.6,0.58,0.51,0.49,0.48,0.48,0.47,0.46,0.44,0.43,0.38,0.35,0.34,0.33,0.31,0.29,0.29,0.29,0.28,0.27,0.26,0.26,0.25,0.25,0.25,0.24,0.24,0.24,0.23,0.12,67.35,50,21,686,117,4741,488,11356,825,16276,959,18253,992,16651,1191,71,817,5267,12274,17360,19402,18013,68013,4593,40871,1619,4242,3061,1099,870,1059,472,982,1325,366,344,1270,840,513,2217,326,193,983,351,863,152,202,271,,533,119,264,542,542,172,156,114,351,383,,,171,,148,111,434,,,,584,275,203,108,115,108,161,,,,,,,,,,,,,,,,67.39,,,,,
1940703386263360,,326517011093207,"DIY with Hometalk","11 budget home office ideas that only LOOK expensive!",207,"04/08/2023 15:04",,,Lifetime,1457902,1394599,112,3365,9269,661417,152997,29226393.3,22.38,152997,135921,2178,14898,0,25847825.82,464147.93,2914419.54,0,22.75,12.56,21.96,0,1,0.75,0.61,0.41,0.35,0.32,0.28,0.25,0.24,0.23,0.21,0.2,0.19,0.18,0.17,0.16,0.15,0.14,0.12,0.12,0.11,0.1,0.1,0.09,0.05,0.05,0.05,0.05,0.05,0.04,0.04,0.04,0.04,0.04,0.04,0.03,0.03,0.03,0.03,0.03,0.01,1,1,1,0.97,0.85,0.81,0.7,0.65,0.62,0.59,0.55,0.52,0.5,0.48,0.47,0.44,0.42,0.39,0.34,0.33,0.3,0.29,0.28,0.27,0.22,0.21,0.2,0.2,0.2,0.19,0.19,0.18,0.17,0.17,0.16,0.15,0.15,0.14,0.14,0.14,0.07,306.69,866,416,10498,4567,64915,25090,131372,47610,131853,42535,94178,26515,58802,17121,1298,15260,90590,180345,175715,121571,76635,492484,163854,348719,28420,36817,19599,9959,9508,10799,6177,5410,6070,4156,2614,10401,4960,2815,28817,2319,1517,5482,2228,25757,1572,1492,2028,999,2859,,1327,9951,5548,1173,996,3387,4398,5384,,,1216,,,,2043,1258,,,4734,1215,1858,1130,1155,1554,1732,,,,,,,,,,1084,,,,,,306.76,,,,,
933287004527222,,326517011093207,"DIY with Hometalk","Mix glue and water for this genius DOLLAR STORE jar hack!",207,"04/13/2023 15:04",,,Lifetime,10650586,10282113,1840,17632,62591,4956795,1322725,254532451.87,26.96,1322725,1226683,31879,64163,0,235770490.23,6247646.04,12514315.6,0,26.89,22.41,31.7,0,1,0.83,0.62,0.54,0.5,0.47,0.46,0.43,0.41,0.4,0.27,0.23,0.21,0.21,0.2,0.2,0.19,0.12,0.1,0.09,0.08,0.08,0.07,0.06,0.06,0.06,0.06,0.05,0.05,0.05,0.05,0.05,0.05,0.04,0.04,0.03,0.03,0.03,0.03,0.03,0.02,1,1,1,0.99,0.94,0.9,0.87,0.83,0.8,0.78,0.54,0.47,0.45,0.44,0.43,0.42,0.4,0.27,0.24,0.22,0.21,0.19,0.18,0.17,0.17,0.17,0.16,0.16,0.15,0.15,0.15,0.15,0.14,0.13,0.12,0.11,0.11,0.11,0.11,0.11,0.06,2631.26,10172,1613,121635,15304,482209,48120,846139,60322,1052996,64836,1057501,64824,1001273,77856,11952,139100,534892,916236,1130053,1133665,1090896,4571925,332875,2905408,57695,413732,509132,32262,26834,18603,44502,17751,204179,11123,11126,23366,28210,25680,44420,10374,11973,73693,34125,21830,7256,15684,10380,4548,42550,14330,18818,13941,14179,,,5965,9780,8716,,,36722,,11020,16324,7071,,,,16744,15580,5601,6948,,,,,5929,6799,,,,,,,,,,,,,2631.47,4935,6681,,,
1874684179582177,,326517011093207,"DIY with Hometalk","Dollar Tree frames—who knew, right?!",193,"04/15/2023 15:04",,,Lifetime,280824,273015,20,382,1500,124626,24566,5363668.14,22.15,24566,20082,192,4292,0,4355460.98,48077.23,960129.93,0,22.87,12.61,20.04,0,1,0.78,0.63,0.57,0.51,0.42,0.33,0.3,0.28,0.23,0.21,0.19,0.17,0.16,0.14,0.13,0.13,0.12,0.11,0.11,0.1,0.09,0.09,0.09,0.08,0.05,0.04,0.04,0.04,0.04,0.04,0.04,0.04,0.04,0.04,0.04,0.03,0.03,0.03,0.03,0.01,1,1,1,1,0.93,0.78,0.61,0.56,0.53,0.45,0.41,0.38,0.34,0.32,0.29,0.28,0.27,0.25,0.24,0.23,0.21,0.2,0.2,0.19,0.18,0.15,0.15,0.14,0.14,0.14,0.14,0.13,0.13,0.13,0.12,0.12,0.11,0.11,0.11,0.11,0.06,61.7,175,44,2102,375,11981,1378,22869,1893,27607,1820,27273,1714,22689,1766,219,2508,13434,24944,29665,29196,24657,114696,8990,68388,2939,7366,4499,1865,1362,1493,754,882,1760,538,566,2246,1408,655,5376,308,279,1303,509,3881,273,270,398,,983,,305,1490,537,260,256,294,661,857,,,203,,243,,657,,,,1604,481,236,,269,290,275,211,,,199,197,,,,,,,,,,,61.7,,,,,
1578727132594288,,326517011093207,"DIY with Hometalk","Look what she did with a Dollar Store solar light! (BRILLIANT!)",181,"04/17/2023 15:04",,,Lifetime,160446,160446,74,147,602,60597,23817,4125974.48,30.59,23817,13861,162,9794,0,2399171.16,28786.11,1698017.21,0,30.31,26.75,31.06,0,0.99,0.82,0.64,0.58,0.53,0.5,0.46,0.43,0.39,0.38,0.37,0.36,0.34,0.33,0.31,0.3,0.29,0.29,0.28,0.28,0.28,0.26,0.25,0.24,0.22,0.22,0.21,0.17,0.17,0.17,0.17,0.16,0.16,0.14,0.12,0.08,0.06,0.05,0.04,0.01,0.01,1,1,1,0.99,0.96,0.92,0.86,0.8,0.74,0.72,0.71,0.69,0.67,0.65,0.63,0.62,0.61,0.6,0.6,0.59,0.59,0.58,0.57,0.55,0.54,0.53,0.52,0.51,0.5,0.5,0.5,0.49,0.48,0.44,0.38,0.27,0.21,0.19,0.15,0.06,0.04,82.84,37,12,522,188,2555,694,5872,1115,10359,1262,15830,1354,18600,1714,49,720,3274,7043,11708,17329,20471,53775,6339,45190,686,3132,2057,447,279,246,149,197,769,147,145,403,363,270,1091,78,111,340,256,438,69,79,72,,232,,177,226,180,53,52,72,141,172,,,47,,75,45,266,,,39,198,104,101,41,47,46,,,,61,,,,,,,,,,,,,82.86,,,,,
1246336769360159,,326517011093207,"DIY with Hometalk","Place an ashtray in a Dollar Store basket (13 brilliant ideas!)",188,"04/20/2023 15:04",,,Lifetime,160282,154797,11,242,699,61783,14229,2953746.32,22.13,14217,8819,182,5228,0,1833553.16,40192.45,1080000.7,0,22.58,17.47,21.61,0,0.99,0.87,0.56,0.44,0.38,0.32,0.28,0.26,0.23,0.21,0.2,0.18,0.18,0.17,0.16,0.16,0.15,0.14,0.14,0.13,0.13,0.13,0.13,0.12,0.12,0.11,0.09,0.09,0.08,0.08,0.08,0.08,0.08,0.07,0.07,0.07,0.07,0.07,0.07,0.05,0.03,1,1,1,1,0.93,0.81,0.72,0.68,0.61,0.57,0.55,0.52,0.51,0.5,0.5,0.49,0.46,0.45,0.43,0.42,0.41,0.4,0.4,0.39,0.37,0.36,0.33,0.32,0.32,0.31,0.31,0.3,0.3,0.29,0.28,0.28,0.28,0.27,0.27,0.24,0.15,47.52,45,15,654,119,4002,425,8394,606,12459,719,15469,874,16453,1142,60,779,4450,9060,13285,16451,17696,57476,3900,37266,1250,3120,2268,812,571,783,280,566,945,263,381,935,729,387,1519,200,149,615,241,692,120,117,232,,626,96,195,446,322,132,143,102,268,291,,78,108,,149,,384,,,81,469,298,169,102,,101,102,,,,,,,,,,,,,,,,47.52,,,,,
1560860457736758,,326517011093207,"DIY with Hometalk","11 brilliant ways to a fake high-end planter on a budget!",192,"04/22/2023 15:04",,,Lifetime,208255,201285,16,268,781,82087,13460,3134857.76,17.59,13460,10580,105,2775,0,2430066.6,32615.52,672175.64,0,18.87,10.02,14.55,0,1,0.76,0.56,0.45,0.31,0.27,0.23,0.19,0.18,0.16,0.15,0.15,0.13,0.12,0.12,0.12,0.11,0.11,0.1,0.1,0.1,0.09,0.09,0.08,0.08,0.07,0.05,0.05,0.04,0.04,0.04,0.04,0.04,0.04,0.04,0.04,0.04,0.04,0.03,0.03,0.02,1,1,1,1,0.75,0.67,0.57,0.5,0.47,0.44,0.41,0.4,0.37,0.35,0.35,0.33,0.32,0.31,0.3,0.3,0.29,0.28,0.26,0.25,0.25,0.23,0.21,0.2,0.2,0.19,0.19,0.18,0.18,0.18,0.18,0.17,0.17,0.17,0.16,0.16,0.08,49.66,79,17,850,177,4977,626,12008,879,18896,1167,20702,1165,18493,1433,97,1039,5642,12975,20221,22019,20092,76005,5464,49959,1940,4712,3014,1085,728,786,477,574,1487,332,293,1309,714,441,2477,190,220,761,402,1007,154,188,212,99,612,108,308,596,409,115,124,145,371,445,,,238,,123,,431,,,,496,255,179,123,130,130,109,,,,,,,,,,,,,,,,49.66,,,,,
945239729951350,,326517011093207,"DIY with Hometalk","25 head-turning ideas for your plain doors.",205,"04/27/2023 15:04",,,Lifetime,955239,948040,71,2575,8236,439830,142306,25428955.61,29.5,136784,128988,2061,11262,0,22920601.64,436486.06,2072833.71,0,30.31,13.16,28.47,0,1,0.78,0.66,0.55,0.48,0.46,0.41,0.39,0.35,0.33,0.29,0.27,0.25,0.23,0.22,0.21,0.19,0.18,0.17,0.16,0.16,0.15,0.14,0.13,0.09,0.09,0.08,0.08,0.08,0.07,0.07,0.07,0.07,0.07,0.07,0.06,0.05,0.05,0.05,0.05,0.02,1,1,1,0.99,0.88,0.84,0.77,0.73,0.67,0.63,0.58,0.54,0.52,0.48,0.46,0.45,0.41,0.38,0.37,0.34,0.34,0.33,0.31,0.3,0.24,0.23,0.23,0.22,0.21,0.21,0.2,0.2,0.2,0.19,0.19,0.18,0.16,0.15,0.15,0.15,0.07,220.06,526,220,5246,1888,34548,9175,88507,20412,108570,20444,80827,12704,46465,6997,753,7255,43949,109720,129909,94259,54001,364689,71840,126729,29568,18414,15968,15371,12891,14254,7323,8347,7306,4618,3683,12550,8987,3051,31552,3624,1455,5464,2315,15001,1876,1436,2806,1760,3058,1336,1545,11649,4391,1716,1398,2829,3768,5436,,,1144,,1150,,1630,1726,,,3947,1461,1494,1482,,1144,1435,,,,,,,,,,,,,,,,220.76,,,,,
704368004711953,,326517011093207,"DIY with Hometalk","People are flipping out over this INSANE file cabinet hack!",185,"04/28/2023 10:04",,,Lifetime,975631,912317,560,1331,4373,439846,173113,24955036.97,31.93,173113,141826,7393,23887,0,20341586.47,1068360.71,3544139.88,0,32.58,31.93,28.62,0,0.99,0.81,0.59,0.51,0.47,0.44,0.41,0.39,0.37,0.36,0.35,0.34,0.33,0.31,0.3,0.3,0.29,0.28,0.27,0.27,0.26,0.22,0.2,0.18,0.17,0.16,0.13,0.1,0.08,0.07,0.06,0.04,0.03,0.03,0.03,0.02,0.02,0.01,0.01,0.01,0.01,1,1,0.99,0.98,0.94,0.88,0.83,0.8,0.77,0.75,0.74,0.72,0.71,0.69,0.68,0.68,0.67,0.65,0.64,0.64,0.62,0.55,0.51,0.48,0.45,0.44,0.39,0.31,0.26,0.23,0.2,0.15,0.12,0.11,0.1,0.08,0.07,0.06,0.05,0.03,0.03,99.82,160,65,2740,732,15842,3325,40732,7324,76209,11328,117443,16367,122373,20450,229,3565,19335,48583,88435,135261,144431,375499,59591,305534,5994,34543,21237,3444,1881,2040,1289,2115,14687,1310,733,3242,2483,2154,3832,639,1063,4226,2843,1051,569,897,551,,1188,395,2477,1072,1097,296,338,276,925,716,,330,472,274,329,416,925,,,,792,600,469,,,,,,268,356,,,,,,,,,,,,,432.03,,,,,
219398340732396,,326517011093207,"DIY with Hometalk","14 genius ways to light up your outdoor space with Dollar Store finds!",196,"04/29/2023 15:04",,,Lifetime,2643707,2543024,589,12722,20867,1125238,224799,47138353.02,19.82,224799,197155,13777,13876,0,40873554.61,3296863.73,2969919.1,0,20.67,14.14,17.72,0,1,0.82,0.64,0.41,0.37,0.33,0.28,0.26,0.24,0.21,0.2,0.19,0.17,0.16,0.15,0.14,0.13,0.13,0.12,0.1,0.1,0.1,0.09,0.09,0.09,0.05,0.05,0.05,0.05,0.04,0.04,0.04,0.04,0.04,0.04,0.04,0.04,0.03,0.03,0.03,0.02,1,1,1,1,0.93,0.83,0.72,0.69,0.63,0.56,0.54,0.52,0.47,0.44,0.42,0.4,0.38,0.36,0.35,0.31,0.3,0.29,0.28,0.28,0.27,0.23,0.22,0.21,0.21,0.21,0.2,0.2,0.19,0.19,0.19,0.18,0.17,0.17,0.16,0.16,0.08,634.26,1417,502,11484,2856,65100,9148,192838,15726,322446,19748,278507,18065,166712,14170,1935,14513,74611,209682,343946,298288,182293,1038504,80215,521912,44211,53124,43600,19570,25529,19714,12490,10982,15307,10068,6199,11012,10679,5230,77114,5768,3697,7137,4399,29138,3023,2843,4025,3966,9179,,2760,10091,5551,,2113,2369,5477,9770,,,,,,,10970,3087,,,23675,3619,,3745,3644,3103,3052,,,,3749,3024,,,,,,,,,,,634.49,,,,2193,2241
557272536550951,,326517011093207,"DIY with Hometalk","9 GENIUS ways to hide your spare key (so you never get locked out again!)",193,"05/01/2023 10:05",,,Lifetime,421825,413687,490,499,1848,183890,59991,10319495.14,28.06,59156,43624,1095,15270,0,7594103.8,190694.42,2534149.69,0,27.21,26.09,31.18,0,1,0.83,0.67,0.62,0.55,0.53,0.51,0.49,0.38,0.33,0.31,0.3,0.28,0.24,0.22,0.2,0.19,0.18,0.16,0.16,0.14,0.13,0.12,0.11,0.1,0.09,0.08,0.07,0.07,0.07,0.07,0.06,0.06,0.06,0.06,0.06,0.05,0.02,0.01,0.01,0.01,1,1,1,1,0.94,0.91,0.88,0.86,0.69,0.6,0.58,0.56,0.53,0.48,0.44,0.41,0.39,0.37,0.34,0.33,0.31,0.29,0.27,0.26,0.23,0.22,0.2,0.2,0.19,0.18,0.18,0.17,0.17,0.16,0.16,0.15,0.14,0.07,0.04,0.03,0.02,89.42,77,44,1387,541,7173,2246,15649,3758,26154,5237,42414,8713,56211,12538,122,1963,9482,19592,31684,51596,69448,149065,33077,122311,3347,12331,11734,1847,1032,1270,804,933,4318,774,359,1761,1491,1222,1987,346,603,1733,1368,747,241,428,278,,502,178,866,503,716,154,185,,470,335,,141,194,150,172,237,460,,,,498,334,248,160,,,,,150,158,,,,,,,,,,,,,89.52,,,,,
5760922687347161,,326517011093207,"DIY with Hometalk","5 brilliant patio furniture ideas on a budget!",202,"05/04/2023 10:05",,,Lifetime,97176,94252,11,91,380,26153,6036,1303987.14,16.09,6036,3396,59,2581,0,737658.25,13594.34,552736.16,0,15.91,12.26,16.46,0,1,0.73,0.52,0.44,0.39,0.36,0.34,0.32,0.3,0.28,0.25,0.18,0.16,0.15,0.13,0.13,0.12,0.12,0.11,0.1,0.09,0.09,0.08,0.08,0.06,0.06,0.06,0.05,0.05,0.05,0.05,0.05,0.04,0.04,0.04,0.04,0.04,0.04,0.04,0.04,0.02,1,1,1,1,0.9,0.86,0.83,0.78,0.75,0.71,0.65,0.48,0.46,0.44,0.41,0.39,0.38,0.36,0.34,0.33,0.31,0.31,0.3,0.29,0.27,0.25,0.25,0.24,0.24,0.24,0.23,0.23,0.21,0.21,0.2,0.2,0.2,0.2,0.2,0.19,0.1,21.33,21,4,218,46,1347,205,3048,334,5050,429,6865,492,7202,683,25,265,1561,3415,5520,7415,7949,23751,2193,16579,582,1417,1149,326,271,259,128,292,365,142,101,378,264,159,496,62,73,281,134,153,49,49,84,27,134,30,105,112,121,43,67,36,93,81,,29,50,,41,27,161,,,26,106,64,53,,,,,,,37,,,,,,,,,,,,,21.33,,,,,
185827577673777,,326517011093207,"DIY with Hometalk","5 genius dollar store solar light hacks to try this summer!",199,"05/06/2023 15:05",,,Lifetime,1026811,969369,206,3476,6758,439924,88121,21341484.85,26.14,88121,68135,3721,16271,0,16429494.67,1007886.19,3905325.64,0,26.88,20.16,25.13,0,1,0.81,0.59,0.51,0.47,0.43,0.41,0.39,0.38,0.3,0.21,0.17,0.15,0.14,0.14,0.13,0.12,0.12,0.12,0.11,0.1,0.09,0.09,0.08,0.08,0.07,0.07,0.06,0.06,0.05,0.05,0.05,0.05,0.05,0.04,0.04,0.04,0.04,0.04,0.04,0.02,1,1,1,0.99,0.94,0.87,0.85,0.82,0.8,0.64,0.47,0.38,0.36,0.35,0.34,0.32,0.3,0.3,0.29,0.28,0.27,0.26,0.26,0.25,0.25,0.24,0.24,0.22,0.2,0.2,0.18,0.18,0.18,0.18,0.17,0.16,0.16,0.16,0.15,0.15,0.07,473.83,265,99,3414,1028,21146,4575,53563,8400,92639,11121,115501,13270,98865,12753,368,4519,25899,62459,104507,129705,112495,385393,51246,306069,9029,29619,14306,5935,4611,2863,2450,3230,6027,1942,1166,3239,2657,2117,6258,1205,1206,2656,1611,2056,784,941,834,786,1533,507,1215,1509,1167,413,568,492,1041,1068,,379,374,,368,512,2120,,342,,1251,685,632,,325,,,,,,,,,,,,,,,,,,474.23,,,,,
255066893705685,,326517011093207,"DIY with Hometalk","5 BRILLIANT living room hacks you’ll wish you’d seen sooner!",189,"05/08/2023 10:05",,,Lifetime,722794,652917,79,1588,4519,305005,80169,16522364.58,28.28,80169,62699,1445,16023,0,12752320.08,341490.14,3427976.35,0,29.43,18.9,25.8,0,1,0.88,0.71,0.66,0.61,0.45,0.4,0.35,0.33,0.3,0.25,0.23,0.22,0.2,0.2,0.19,0.19,0.18,0.18,0.17,0.16,0.15,0.14,0.13,0.13,0.11,0.1,0.09,0.08,0.08,0.08,0.08,0.07,0.07,0.07,0.07,0.07,0.06,0.06,0.02,0.01,1,1,1,1,0.95,0.72,0.65,0.58,0.55,0.51,0.43,0.4,0.39,0.37,0.37,0.36,0.35,0.34,0.34,0.33,0.31,0.3,0.3,0.29,0.29,0.26,0.24,0.22,0.21,0.2,0.2,0.2,0.2,0.19,0.19,0.18,0.18,0.17,0.16,0.06,0.04,285.8,258,85,2924,638,17821,2187,41182,3787,66850,4994,77759,5582,71482,6569,350,3644,20147,45414,72506,84130,78812,278276,23842,170752,10823,17952,19703,5222,2743,4692,2168,2719,7545,1915,1090,5208,3595,2421,5409,914,1105,4005,2206,2219,760,775,922,,1730,530,1252,1563,1331,369,583,569,1616,960,,443,888,,457,429,1137,346,,,1163,860,663,536,,,,,,331,,,,,,,,,,,,,286.81,,,,,
779506530560060,,326517011093207,"DIY with Hometalk","4 stunning ways to totally transform your boring blank walls!",204,"05/11/2023 15:05",,,Lifetime,5180717,4843425,1731,16257,76886,2392707,633860,140583608.85,29.12,633860,585064,22924,25835,0,129182119.56,5569431.11,5823592.17,0,30.02,17.34,28.62,0,1,0.82,0.68,0.64,0.61,0.53,0.44,0.41,0.35,0.27,0.23,0.22,0.21,0.21,0.2,0.19,0.19,0.19,0.18,0.17,0.16,0.15,0.13,0.12,0.11,0.1,0.1,0.09,0.09,0.08,0.08,0.08,0.07,0.06,0.06,0.06,0.06,0.06,0.05,0.05,0.02,1,1,1,1,0.96,0.84,0.71,0.67,0.59,0.46,0.41,0.39,0.38,0.37,0.37,0.36,0.36,0.35,0.35,0.34,0.33,0.31,0.28,0.27,0.26,0.25,0.24,0.23,0.23,0.22,0.21,0.21,0.19,0.18,0.17,0.17,0.16,0.16,0.16,0.15,0.06,1310.31,10482,1126,225046,14872,1083230,67119,597570,45078,163712,15373,83931,7410,57394,6132,11722,241442,1154808,647709,180567,92110,64193,2221365,157110,294175,177589,73742,80341,71717,121567,39498,90159,175118,65282,32143,35117,26021,35286,17076,145246,31797,16054,36946,,48032,13654,18080,23000,13949,33166,9112,15414,49660,41470,,,19980,20957,31194,,,10634,,,9695,8883,16505,,,25329,20044,13137,41559,10385,,9403,,,,,,,,,,9375,,,,,,1312.77,,,,9513,12954
913360879888721,,326517011093207,"DIY with Hometalk","Grab a Walmart folding chair for this brilliant idea!",197,"05/13/2023 15:05",,,Lifetime,1544722,1456819,211,5633,10707,711410,199364,39345980.25,30.17,194032,169656,9062,20624,0,33235457.87,1933250.09,4172836.72,0,32.09,19.97,24.37,0,1,0.79,0.66,0.55,0.41,0.37,0.31,0.3,0.28,0.26,0.25,0.24,0.23,0.21,0.21,0.2,0.19,0.18,0.18,0.17,0.16,0.16,0.15,0.14,0.14,0.08,0.08,0.08,0.08,0.07,0.07,0.07,0.07,0.06,0.06,0.06,0.06,0.06,0.06,0.06,0.03,1,1,1,1,0.81,0.74,0.64,0.61,0.57,0.55,0.52,0.51,0.49,0.48,0.47,0.45,0.44,0.42,0.41,0.4,0.38,0.37,0.36,0.34,0.33,0.29,0.28,0.28,0.27,0.27,0.26,0.25,0.25,0.24,0.23,0.23,0.22,0.22,0.22,0.22,0.11,778.04,447,147,5977,1320,36613,4605,97557,8482,171622,11278,192514,12210,150007,12612,609,7438,41498,106903,184266,206410,164215,654737,50654,425834,23955,55504,19626,9033,6499,9117,4449,5902,11600,4508,1949,8252,5480,2624,34896,2249,1652,4581,2678,6750,1362,1321,1374,879,2386,738,2219,3834,2152,,878,1057,2644,3982,,716,851,,,,7206,,,,3053,1219,1094,785,1116,714,862,,,,,901,,,,,,,,,,,779.56,,,,,
6125074140908066,,326517011093207,"DIY with Hometalk","5 brilliant kitchen hacks you won't believe you didn't know!",183,"05/18/2023 10:05",,,Lifetime,370769,364190,25,764,2363,148143,40841,7324404.96,24.19,40841,33765,983,6093,0,6008395.28,186300.39,1129709.29,0,25.23,18.37,20.71,0,1,0.82,0.66,0.56,0.42,0.35,0.33,0.32,0.31,0.27,0.24,0.23,0.23,0.22,0.18,0.17,0.17,0.16,0.15,0.14,0.13,0.12,0.12,0.11,0.1,0.1,0.09,0.08,0.08,0.08,0.07,0.07,0.07,0.07,0.07,0.06,0.06,0.06,0.06,0.06,0.02,1,1,1,1,0.8,0.7,0.66,0.64,0.63,0.56,0.51,0.49,0.48,0.47,0.42,0.4,0.39,0.38,0.36,0.33,0.32,0.31,0.3,0.29,0.28,0.27,0.26,0.24,0.24,0.23,0.22,0.22,0.22,0.21,0.21,0.21,0.2,0.2,0.2,0.19,0.09,89.95,203,137,1592,615,8045,1448,17969,2432,29330,3022,35935,3392,38473,4274,343,2240,9561,20575,32623,39643,43150,131547,15320,64095,5316,8391,7949,2739,1898,1934,1669,1741,3443,1050,776,2790,2917,1134,3801,684,551,3760,1053,1453,474,493,680,375,3141,290,724,1097,2138,305,305,1152,983,555,,,568,,475,,519,,,,684,1349,872,763,,,,,,,,,,,,,,500,,,312,,90.06,,,296,,
1375585123295588,,326517011093207,"DIY with Hometalk","Declutter your countertop with this brilliant Dollar Store idea!",190,"05/20/2023 15:05",,,Lifetime,1884081,1791708,310,9475,15289,862076,198399,38251054.1,23.1,198399,174474,9753,14150,0,33107630.2,2179746.02,2958875.26,0,24.75,13.27,19.24,0,1,0.81,0.64,0.4,0.35,0.33,0.27,0.25,0.24,0.22,0.21,0.2,0.19,0.18,0.18,0.16,0.16,0.15,0.15,0.14,0.13,0.12,0.12,0.12,0.12,0.11,0.07,0.06,0.06,0.06,0.06,0.06,0.06,0.05,0.05,0.05,0.05,0.05,0.05,0.04,0.02,1,1,1,1,0.93,0.91,0.75,0.71,0.69,0.63,0.6,0.57,0.56,0.55,0.54,0.5,0.49,0.47,0.46,0.45,0.42,0.4,0.39,0.39,0.38,0.36,0.28,0.27,0.26,0.26,0.25,0.25,0.25,0.24,0.24,0.23,0.23,0.23,0.22,0.21,0.11,528.28,1034,272,11232,1766,74069,6400,184492,11098,239779,13290,184260,11426,107490,9443,1323,13195,80916,196869,254662,197045,118062,802356,53695,376681,45324,52332,20461,15827,16474,8972,10414,9910,14637,6408,3512,13789,9653,3448,73251,4860,2779,8058,2546,28983,2283,2116,2745,2169,3845,,2638,15801,3368,,,1407,5947,9867,,,1349,,,,8187,,,,11996,2293,1718,2317,3167,2170,2665,1808,,,1786,2313,,,1556,,,,,,,,530.69,,,,,
168320322609094,,326517011093207,"DIY with Hometalk","Triple your storage with this surprising Dollar Store hack!",197,"05/25/2023 15:05",,,Lifetime,667598,629907,80,2630,4017,238888,60864,12316756.76,22.72,58781,52663,2344,5852,0,10615546.76,533130.37,1167113.01,0,23.57,15.05,20.72,0,1,0.79,0.65,0.56,0.44,0.32,0.3,0.29,0.28,0.27,0.26,0.23,0.2,0.19,0.18,0.17,0.16,0.15,0.15,0.14,0.12,0.12,0.11,0.1,0.1,0.08,0.08,0.07,0.07,0.07,0.07,0.06,0.06,0.06,0.06,0.06,0.06,0.05,0.05,0.05,0.02,1,1,1,1,0.82,0.62,0.59,0.57,0.55,0.54,0.53,0.48,0.43,0.41,0.4,0.38,0.36,0.35,0.34,0.32,0.31,0.3,0.29,0.28,0.27,0.25,0.24,0.23,0.22,0.22,0.21,0.21,0.21,0.21,0.2,0.2,0.19,0.19,0.19,0.18,0.08,288.31,205,67,1962,482,10148,1269,27369,1945,54019,2862,67886,3685,60841,4476,274,2485,11487,29515,57224,72053,65828,222430,14786,167599,4425,16533,5120,2286,1861,1097,1090,1154,3286,758,582,1417,1513,692,5991,551,659,1004,692,2523,360,369,434,456,1179,203,624,1107,667,214,251,327,612,747,,,263,,247,207,1674,,,,958,354,410,240,223,,,,,206,,,,,,,,,,,,,289.2,,,,,
3575465346070235,,326517011093207,"DIY with Hometalk","Stick a coffee filter into a flower pot for this BRILLIANT patio idea!",230,"05/27/2023 15:05",,,Lifetime,2657251,2477844,543,6425,11553,1282519,562947,77544493.72,31.23,558223,500679,20240,42059,0,68529206.89,2793651.44,6226199.83,0,31.56,22.85,32.9,0,1,0.8,0.66,0.58,0.5,0.46,0.43,0.41,0.4,0.38,0.36,0.33,0.3,0.2,0.15,0.13,0.11,0.1,0.09,0.08,0.08,0.07,0.07,0.07,0.06,0.06,0.06,0.06,0.06,0.06,0.05,0.04,0.04,0.04,0.04,0.04,0.04,0.03,0.03,0.03,0.01,1,1,1,0.96,0.85,0.8,0.76,0.75,0.73,0.71,0.68,0.65,0.59,0.4,0.31,0.26,0.24,0.22,0.21,0.2,0.19,0.18,0.18,0.17,0.17,0.17,0.17,0.17,0.17,0.16,0.14,0.14,0.13,0.13,0.13,0.13,0.12,0.12,0.12,0.11,0.06,1100.69,680,207,11647,2344,77201,10588,186793,19516,288400,25725,322930,27884,267389,29260,901,14245,88443,208183,316823,354136,299844,1155040,115524,869316,27969,138635,43757,15415,11676,4428,8191,6725,22009,4628,3310,7941,6955,5145,11888,3173,5244,6857,6115,4040,2303,3505,2130,2622,4182,1568,5274,2935,2312,952,1213,,2316,1950,,1029,979,953,,1920,3432,,1273,,1625,1306,1020,,,,,,1076,895,,,,,,,,,,,,,1102.03,,,,,
214368614735673,,326517011093207,"DIY with Hometalk","Cut a mop handle in half - this is GENIUS!",181,"05/29/2023 15:05",,,Lifetime,982910,955638,132,1188,4865,478221,193369,30497075.28,35.14,186634,168832,1820,22734,0,26584100.02,307780.2,3608005.63,0,35.4,21.67,35.16,0,0.99,0.84,0.66,0.55,0.51,0.49,0.46,0.43,0.41,0.4,0.37,0.35,0.34,0.33,0.29,0.28,0.27,0.26,0.26,0.25,0.24,0.22,0.21,0.19,0.18,0.17,0.17,0.15,0.15,0.15,0.14,0.13,0.11,0.08,0.06,0.05,0.03,0.02,0.01,0.01,0.01,1,1,1,1,0.97,0.94,0.9,0.86,0.83,0.8,0.76,0.71,0.7,0.68,0.64,0.61,0.59,0.59,0.58,0.57,0.55,0.54,0.52,0.5,0.49,0.48,0.48,0.47,0.47,0.47,0.45,0.43,0.38,0.28,0.21,0.17,0.11,0.08,0.06,0.04,0.03,633.46,251,101,3040,846,15208,2406,40976,4340,83974,7914,131455,12769,151679,18897,355,3982,17777,45781,92667,145442,172257,426583,47273,283987,10714,32030,32674,6373,3204,4206,2753,2663,14958,2060,1251,7130,5318,3570,6940,1074,1392,8450,3702,3303,784,1504,825,499,3606,698,2537,2306,1311,536,715,512,1365,1205,,,1101,,847,693,1749,,,,989,1211,1046,525,,,,,644,772,,,,,,,,,,,,,634.39,,,,,
636596095030861,,326517011093207,"DIY with Hometalk","Cut up check mesh for this stunning front door idea!",219,"05/31/2023 15:05",,,Lifetime,123175,121861,23,99,621,52033,8743,1718309,14.66,8743,5504,128,3111,0,1076415.29,23898.18,618024.12,0,14.79,15.47,14.41,0,1,0.66,0.42,0.35,0.29,0.24,0.19,0.17,0.15,0.14,0.13,0.12,0.11,0.1,0.09,0.09,0.08,0.06,0.04,0.04,0.03,0.03,0.03,0.03,0.02,0.02,0.02,0.02,0.02,0.02,0.02,0.02,0.01,0.01,0.01,0.01,0.01,0.01,0.01,0.01,0,1,1,1,0.97,0.83,0.71,0.58,0.54,0.48,0.44,0.43,0.41,0.39,0.36,0.33,0.32,0.29,0.23,0.18,0.16,0.15,0.14,0.14,0.13,0.13,0.12,0.12,0.11,0.1,0.1,0.1,0.1,0.1,0.09,0.09,0.09,0.09,0.09,0.07,0.04,0.03,22.01,30,13,460,84,2668,417,5695,629,8864,764,13555,937,16129,1385,43,548,3105,6379,9693,14620,17646,47401,4229,34409,810,2685,2113,491,328,390,196,480,875,178,153,700,399,275,961,118,146,449,221,391,81,104,132,,441,,203,343,273,71,93,60,165,172,,,61,,89,60,256,60,,,215,213,114,65,61,,60,,,59,,,,,,,,,,,,,22.03,,,,,
609292220747759,,326517011093207,"DIY with Hometalk","Everyone will be buying jumbo Dollar Store Easter eggs when they see this!",186,"04/01/2023 15:04",,,Lifetime,6125880,5965269,3847,15777,54307,3509281,393283,99423467.15,17.74,388513,345640,23007,24636,0,87508503.73,6045134.29,5869829.14,0,17.86,15.79,18.17,0,1,0.81,0.63,0.5,0.34,0.2,0.18,0.17,0.15,0.12,0.11,0.1,0.09,0.08,0.08,0.07,0.06,0.06,0.06,0.05,0.05,0.05,0.05,0.04,0.04,0.04,0.03,0.03,0.03,0.03,0.02,0.02,0.02,0.02,0.02,0.02,0.02,0.02,0.02,0.01,0.01,1,1,1,1,0.73,0.46,0.42,0.39,0.37,0.3,0.28,0.25,0.23,0.22,0.21,0.18,0.17,0.17,0.16,0.15,0.14,0.14,0.14,0.13,0.11,0.11,0.1,0.09,0.09,0.09,0.08,0.08,0.08,0.08,0.08,0.07,0.07,0.07,0.07,0.06,0.03,1007.17,10488,1037,184818,16380,693138,76949,767589,79791,638600,58433,511764,41362,372301,32774,11716,203186,774539,853111,701575,556987,408150,3178698,306726,3000306,30221,78036,51801,21123,18011,9478,10480,14321,25399,5650,5052,12291,8389,7651,38762,4469,3068,10528,4960,12550,3268,3768,3385,2935,12256,2146,4094,7443,6587,1924,2971,2092,4345,4414,,,1452,,1853,1783,7280,,,,4815,4545,2152,,1683,1401,1497,,,,,,,,,,,,,,,,1007.17,,,,,
618222283055231,,201765839840980,Hometalk,"Wipe down your bathroom cabinets - this is BRILLIANT!",337,"04/03/2023 15:04",,,Lifetime,138906,134138,23,101,585,37557,9996,2733463.07,23.26,9815,5814,28,4154,0,1571041.7,8250.79,1154170.58,0,26.36,13.87,20.14,0,0.99,0.52,0.38,0.3,0.28,0.25,0.22,0.2,0.18,0.17,0.16,0.16,0.15,0.15,0.14,0.13,0.12,0.11,0.11,0.1,0.1,0.1,0.1,0.1,0.09,0.09,0.09,0.09,0.08,0.08,0.08,0.08,0.08,0.08,0.08,0.08,0.08,0.06,0.04,0.02,0.01,1,1,0.95,0.81,0.74,0.69,0.62,0.57,0.55,0.51,0.5,0.49,0.49,0.48,0.45,0.43,0.41,0.4,0.39,0.37,0.37,0.36,0.36,0.36,0.34,0.33,0.34,0.34,0.34,0.33,0.33,0.33,0.34,0.34,0.34,0.35,0.35,0.27,0.18,0.1,0.05,0,29,5,318,67,2052,221,4633,396,6999,516,9424,611,10897,1030,34,393,2292,5071,7577,10134,12056,34352,2846,23196,618,2799,1411,339,335,344,163,237,717,148,115,441,323,186,1055,95,60,428,206,400,65,79,105,,197,,130,234,260,61,61,58,154,183,,,70,,58,,193,51,,50,168,96,100,61,,62,56,,,45,,,,,,,,,,,,,
580879873779565,,201765839840980,Hometalk,"Turn a 99 cent frame into THIS!",202,"04/04/2023 15:04",,,Lifetime,235717,221561,9,206,989,112718,8703,3474197.61,16.52,8703,4285,31,4387,0,1671901.31,18326.05,1783970.25,0,17.28,11.15,15.94,0,1,0.78,0.6,0.49,0.43,0.37,0.29,0.25,0.21,0.18,0.15,0.09,0.06,0.05,0.05,0.04,0.04,0.04,0.03,0.02,0.02,0.02,0.02,0.02,0.02,0.02,0.02,0.02,0.01,0.01,0.01,0.01,0.01,0.01,0.01,0.01,0.01,0.01,0.01,0.01,0,1,1,1,1,0.9,0.78,0.61,0.53,0.47,0.4,0.33,0.21,0.15,0.12,0.12,0.11,0.11,0.11,0.09,0.08,0.08,0.08,0.08,0.07,0.07,0.07,0.07,0.07,0.07,0.06,0.06,0.06,0.06,0.06,0.06,0.06,0.05,0.05,0.05,0.04,0.02,29.05,85,26,1438,279,9326,1157,17800,1721,23100,1897,26141,1960,24782,2110,113,1738,10546,19656,25183,28332,27149,102672,9150,61834,2618,6332,4288,1578,1363,1263,659,1240,1719,580,572,2084,1102,732,4071,423,285,1324,690,1644,252,346,428,,1190,227,399,1108,772,256,297,228,575,782,,,195,,253,179,618,,,,1002,641,309,179,232,203,265,,,,,,,,,,,,,,,,29.05
745645600279104,,201765839840980,Hometalk,"Buy a Home Depot table leg for this GENIUS idea!",205,"04/05/2023 15:04",,,Lifetime,244205,239217,55,290,1548,86135,29164,5566249.24,30.51,29164,17085,279,11800,0,3216031.48,54958.18,2295266.32,0,35.64,22.11,25.58,0,0.99,0.78,0.56,0.49,0.41,0.37,0.34,0.31,0.3,0.29,0.28,0.27,0.25,0.25,0.24,0.24,0.23,0.22,0.22,0.2,0.2,0.19,0.19,0.18,0.13,0.13,0.13,0.13,0.13,0.13,0.13,0.12,0.12,0.12,0.12,0.1,0.08,0.05,0.04,0.02,0.01,1,1,0.99,0.98,0.85,0.77,0.72,0.67,0.65,0.63,0.61,0.59,0.59,0.58,0.56,0.56,0.55,0.53,0.52,0.51,0.5,0.5,0.5,0.5,0.47,0.46,0.46,0.47,0.47,0.48,0.48,0.47,0.46,0.47,0.45,0.38,0.31,0.22,0.15,0.08,0.05,120.46,43,16,606,157,3798,624,9483,1136,16260,1601,22537,2102,24180,2829,60,779,4459,10728,17998,24853,27256,76907,8465,56702,1455,5428,3056,894,668,760,330,562,1592,341,268,964,623,480,1844,205,199,943,358,701,137,191,206,,440,115,299,461,545,116,124,112,303,340,,,126,,116,104,410,,,,412,190,159,86,87,89,112,,,,,,,,,,,,,,,,120.48
219987103958501,,201765839840980,Hometalk,"Dip an old CD in water (BRILLIANT!)",192,"04/07/2023 15:04",,,Lifetime,338977,303646,45,219,1035,106225,48795,7194323.76,29.46,48795,21508,298,26989,0,3139716.99,42939.11,4011667.66,0,32.09,23.76,27.76,0,0.99,0.88,0.75,0.65,0.57,0.51,0.48,0.46,0.44,0.42,0.39,0.38,0.37,0.34,0.32,0.31,0.3,0.29,0.19,0.16,0.14,0.13,0.12,0.11,0.1,0.1,0.09,0.09,0.09,0.09,0.08,0.08,0.08,0.08,0.08,0.08,0.07,0.07,0.07,0.06,0.02,1,1,1,0.99,0.94,0.86,0.82,0.79,0.77,0.73,0.7,0.68,0.67,0.64,0.62,0.61,0.58,0.56,0.39,0.33,0.31,0.29,0.28,0.27,0.26,0.26,0.25,0.25,0.25,0.25,0.24,0.24,0.24,0.24,0.24,0.24,0.23,0.22,0.22,0.2,0.09,98.51,58,24,871,200,5524,859,12611,1681,19019,2226,26763,3071,28216,4130,82,1089,6434,14427,21418,30094,32679,93062,12191,61875,1724,6304,6780,1374,928,966,470,1137,3501,466,365,1353,936,852,2005,347,330,1938,581,833,204,395,246,,828,166,555,681,674,143,187,118,327,433,,129,212,,166,172,386,,,119,557,330,241,,137,,162,,,,,,,,,,,,,,,,98.51
605586651491403,,201765839840980,Hometalk,"The GENIUS folding table hack that shocks EVERYONE!",234,"04/09/2023 15:04",,,Lifetime,1123721,1073392,122,1522,3804,432700,80084,18402505.08,19.94,80084,61876,1067,17141,0,14207385.38,260456.32,3934663.39,0,19.69,15.97,21.24,0,1,0.76,0.59,0.54,0.47,0.3,0.24,0.22,0.21,0.2,0.18,0.13,0.12,0.11,0.11,0.1,0.09,0.08,0.08,0.07,0.06,0.05,0.04,0.04,0.04,0.04,0.03,0.03,0.03,0.03,0.03,0.03,0.02,0.02,0.02,0.02,0.02,0.02,0.02,0.02,0.01,1,1,1,0.97,0.86,0.55,0.47,0.43,0.41,0.39,0.35,0.27,0.25,0.23,0.22,0.22,0.2,0.19,0.18,0.17,0.15,0.14,0.13,0.12,0.12,0.11,0.1,0.1,0.1,0.1,0.09,0.09,0.09,0.09,0.08,0.08,0.08,0.08,0.08,0.08,0.04,276.2,403,165,5156,1727,32127,10648,66346,21118,81648,22528,80279,18459,70641,17558,577,7007,43102,88272,105052,99640,89046,336600,92203,332349,6132,18149,8310,2333,2548,1901,1251,1756,4276,1038,764,3592,2066,1348,9499,625,642,2514,1155,2767,384,613,527,,1333,299,746,1826,1878,327,312,545,1111,1358,,,570,,383,295,1583,,,,1444,625,623,303,434,419,504,,,,,,,,,,,,,,,,276.2
1394501651362669,,201765839840980,Hometalk,"Handy husband discovers abandoned pallet. Look what happens next!",247,"04/10/2023 15:04",,,Lifetime,465762,426622,84,287,1838,179668,52750,11641347.08,32.28,52545,41499,317,10934,0,9111603.41,73343.5,2456400.18,0,34.43,25.65,26.39,0,0.99,0.7,0.45,0.38,0.36,0.32,0.3,0.28,0.26,0.23,0.21,0.21,0.2,0.19,0.19,0.18,0.18,0.17,0.17,0.16,0.11,0.1,0.1,0.1,0.1,0.1,0.09,0.09,0.09,0.09,0.08,0.08,0.08,0.08,0.08,0.08,0.07,0.05,0.04,0.01,0.01,1,1,0.99,0.95,0.9,0.84,0.79,0.74,0.69,0.64,0.62,0.61,0.59,0.58,0.57,0.55,0.54,0.53,0.52,0.5,0.45,0.45,0.44,0.43,0.42,0.42,0.42,0.41,0.41,0.4,0.39,0.39,0.39,0.4,0.4,0.4,0.34,0.25,0.19,0.09,0.05,184,83,32,945,441,5064,2044,12898,4552,22851,7846,36802,13656,50515,20097,117,1420,7177,17644,31002,50954,71349,129158,48668,105001,6936,19328,9609,2465,1516,3255,1215,990,2693,1559,421,1904,1271,1564,2147,414,729,1807,1443,905,346,594,403,169,413,253,738,804,496,185,230,143,620,538,,209,304,167,201,213,403,,,,424,221,223,,,,,,184,,,,,,,,,,,,,,184.05
186799677473206,,201765839840980,Hometalk,"Squeeze Dollar Store glue onto a pot (BRILLIANT!)",186,"04/11/2023 15:04",,,Lifetime,198778,198778,15,219,1097,71497,13787,3111142.24,18.68,13511,7935,56,5796,0,1759027.07,16813.78,1335301.39,0,20.58,10.81,16.8,0,1,0.81,0.65,0.58,0.46,0.32,0.29,0.27,0.26,0.24,0.23,0.22,0.16,0.15,0.14,0.14,0.13,0.13,0.12,0.11,0.11,0.1,0.09,0.09,0.07,0.07,0.06,0.06,0.06,0.06,0.05,0.05,0.05,0.05,0.05,0.05,0.05,0.04,0.04,0.04,0.02,1,1,1,1,0.84,0.61,0.55,0.52,0.5,0.48,0.46,0.44,0.33,0.32,0.31,0.3,0.29,0.28,0.26,0.25,0.25,0.24,0.23,0.22,0.2,0.19,0.18,0.18,0.17,0.17,0.17,0.16,0.16,0.15,0.15,0.15,0.15,0.15,0.15,0.14,0.07,42.27,107,29,937,191,4926,644,10279,962,14953,1147,17339,1302,16557,1539,138,1149,5627,11319,16221,18787,18256,65098,5814,42169,1581,4159,2746,957,681,770,346,590,1096,346,263,931,643,457,2679,194,182,731,362,1144,149,166,217,,507,103,203,534,377,118,137,102,298,372,,,182,,126,90,510,,,,615,237,193,103,124,,129,,,,103,,,,,,,,,,,,42.28
756435769434812,,201765839840980,Hometalk,"Buy a bag of concrete at Home Depot for this brilliant idea!",209,"04/12/2023 15:04",,,Lifetime,131419,123704,35,96,486,45170,13154,2617886.88,25.12,13154,7352,95,5707,0,1461224.67,18796.53,1137865.69,0,26.14,26.81,23.91,0,0.99,0.67,0.45,0.39,0.33,0.3,0.27,0.26,0.25,0.24,0.24,0.23,0.21,0.21,0.2,0.19,0.19,0.18,0.17,0.16,0.15,0.14,0.13,0.13,0.11,0.11,0.1,0.1,0.1,0.1,0.1,0.1,0.1,0.09,0.09,0.09,0.07,0.05,0.03,0.01,0.01,1,1,0.99,0.97,0.85,0.78,0.72,0.7,0.68,0.67,0.65,0.64,0.63,0.62,0.61,0.59,0.58,0.57,0.55,0.53,0.52,0.51,0.51,0.5,0.48,0.47,0.47,0.47,0.48,0.48,0.47,0.47,0.46,0.46,0.46,0.46,0.37,0.28,0.17,0.08,0.05,52.49,30,10,265,95,1723,403,4300,735,7631,1087,11423,1496,13463,2129,40,369,2140,5083,8787,13027,15724,38835,5955,30550,677,2716,1778,429,276,374,144,300,671,172,138,405,270,227,889,103,89,426,239,372,73,82,99,,267,54,160,173,249,49,57,55,131,139,,,71,,63,39,239,,,55,180,110,119,,46,,57,,,41,,,,,,,,,,,,,52.55
199753986118627,,201765839840980,Hometalk,"Run to the Dollar Store for this BRILLIANT laundry basket hack!",227,"04/14/2023 15:04",,,Lifetime,994613,917614,145,1796,6376,411310,111985,22815741.14,28.84,111985,85654,1183,25148,0,17270416.34,281563.76,5263805.87,0,30.04,16.26,26.48,0,1,0.77,0.55,0.49,0.45,0.42,0.35,0.32,0.28,0.27,0.24,0.21,0.2,0.19,0.18,0.18,0.17,0.15,0.14,0.12,0.11,0.1,0.08,0.08,0.08,0.07,0.07,0.07,0.06,0.06,0.06,0.06,0.06,0.05,0.05,0.05,0.05,0.05,0.05,0.05,0.02,1,1,0.99,0.97,0.91,0.84,0.73,0.66,0.6,0.57,0.52,0.48,0.45,0.44,0.42,0.41,0.39,0.36,0.34,0.32,0.29,0.27,0.25,0.24,0.23,0.22,0.21,0.21,0.2,0.2,0.19,0.19,0.19,0.18,0.18,0.18,0.18,0.18,0.17,0.17,0.08,414.67,516,153,6431,924,32877,2717,69756,3769,96577,4449,94180,4817,85250,5829,677,7464,35836,74055,101739,99725,91809,385587,22658,279566,8069,21298,11341,4467,2489,3662,1695,1510,5808,1480,854,4393,2829,1797,12918,673,778,3522,1565,4157,679,600,633,,2705,,991,1706,1658,418,413,960,1433,1395,,,1129,,556,,2189,,,,2507,935,1011,589,490,457,538,,,421,,420,,,,,,,,,,,414.84
1186870155365633,,201765839840980,Hometalk,"Double your kitchen storage (for $20) with this BRILLIANT idea!",184,"04/16/2023 15:04",,,Lifetime,204704,193441,47,501,1322,70917,18379,3569641.59,20.64,17933,8052,337,9990,0,1563378.61,75416.8,1930848.26,0,21.59,15.28,20.2,0,0.99,0.8,0.61,0.56,0.45,0.38,0.36,0.34,0.32,0.27,0.24,0.22,0.21,0.19,0.18,0.17,0.16,0.15,0.14,0.14,0.14,0.13,0.12,0.12,0.12,0.11,0.1,0.08,0.07,0.07,0.07,0.07,0.07,0.06,0.06,0.06,0.06,0.06,0.06,0.06,0.02,1,1,1,1,0.85,0.74,0.7,0.67,0.64,0.56,0.51,0.48,0.46,0.43,0.41,0.39,0.37,0.35,0.34,0.33,0.33,0.32,0.3,0.29,0.28,0.26,0.25,0.22,0.22,0.21,0.21,0.21,0.2,0.2,0.19,0.19,0.18,0.18,0.17,0.17,0.09,46.38,52,27,678,130,4274,493,10039,863,16041,1034,18020,1188,16289,1267,80,819,4801,10982,17208,19329,17695,65393,5002,36233,2666,3741,2679,1583,1055,1390,490,732,1087,438,509,1615,1267,493,1995,318,189,678,310,1112,211,206,392,,600,130,259,744,482,207,195,133,429,432,,137,146,,183,,428,,,,740,314,204,118,102,111,157,,,,,,,,,,,,,,,,46.38
180372161544882,,201765839840980,Hometalk,"Look what she did with a Dollar Store solar light! (BRILLIANT!)",181,"04/17/2023 15:04",,,Lifetime,844891,844891,258,610,1771,317488,128587,21928949.85,30.8,127246,116011,1450,11126,0,19735629.25,244890.85,1948429.76,0,30.91,28.26,30.07,0,1,0.82,0.65,0.58,0.53,0.51,0.47,0.44,0.41,0.4,0.39,0.37,0.36,0.35,0.33,0.32,0.31,0.31,0.3,0.3,0.3,0.27,0.26,0.24,0.22,0.21,0.21,0.2,0.19,0.19,0.19,0.18,0.18,0.16,0.14,0.09,0.07,0.06,0.04,0.01,0.01,1,1,1,1,0.96,0.93,0.87,0.81,0.76,0.74,0.73,0.71,0.69,0.67,0.65,0.64,0.63,0.61,0.61,0.61,0.6,0.59,0.57,0.55,0.54,0.53,0.52,0.52,0.51,0.51,0.5,0.5,0.49,0.45,0.39,0.26,0.2,0.17,0.14,0.04,0.03,439.72,247,70,3159,1091,14262,4581,34079,9679,57091,12897,73864,13900,75632,14324,321,4345,19009,44118,70597,88427,90668,258334,56542,226626,4670,18430,20607,2658,1180,651,934,450,3229,922,279,1164,642,1696,2252,285,829,1207,19276,621,334,487,153,195,339,108,828,447,249,108,134,,261,318,,110,162,,109,164,663,,,,332,156,154,,108,,,,141,203,,,,,,,,,,,,,439.72
890709332036489,,201765839840980,Hometalk,"Wipe down your table to fake this expensive look!",191,"04/18/2023 15:04",,,Lifetime,162285,157654,17,137,816,57647,10594,2270761.87,16.55,10375,5602,68,4924,0,1182259.35,15448.31,1073054.21,0,17.39,10.87,15.83,0,1,0.8,0.61,0.53,0.48,0.45,0.33,0.21,0.18,0.18,0.17,0.16,0.15,0.14,0.13,0.11,0.1,0.09,0.09,0.09,0.08,0.07,0.07,0.06,0.06,0.05,0.04,0.04,0.04,0.04,0.04,0.04,0.03,0.03,0.03,0.03,0.03,0.03,0.03,0.02,0.01,1,1,1,1,0.94,0.89,0.66,0.44,0.39,0.38,0.37,0.36,0.34,0.32,0.31,0.27,0.23,0.22,0.22,0.21,0.21,0.2,0.19,0.18,0.17,0.15,0.14,0.14,0.13,0.13,0.13,0.13,0.12,0.11,0.11,0.11,0.11,0.1,0.1,0.1,0.06,29.9,51,20,683,141,3631,497,7477,703,11140,775,14179,932,15632,1286,72,842,4158,8245,12016,15235,17078,52793,4354,33661,1078,3912,2301,629,467,624,249,460,1053,259,296,901,730,320,1769,155,109,529,279,879,106,118,183,,394,85,194,476,325,117,104,109,293,354,,,130,,130,,258,,,,431,240,154,98,105,88,118,,,,67,,,,,,,,,,,,29.9
1213465296206590,,201765839840980,Hometalk,"Slice up Dollar Store foam for this GORGEOUS kitchen countertop idea!",262,"04/19/2023 15:04",,,Lifetime,355080,333484,26,217,1363,160985,48263,8558766.33,28.97,47994,29478,171,18614,0,5142317.38,29684.13,3386764.81,0,29.02,17.56,29.07,0,0.99,0.62,0.4,0.33,0.3,0.28,0.25,0.24,0.23,0.22,0.2,0.2,0.19,0.18,0.16,0.15,0.13,0.12,0.11,0.1,0.1,0.06,0.04,0.04,0.04,0.03,0.03,0.03,0.03,0.03,0.03,0.02,0.02,0.02,0.02,0.02,0.02,0.02,0.01,0.01,0.01,1,1,1,0.93,0.88,0.83,0.77,0.75,0.73,0.71,0.69,0.68,0.65,0.62,0.59,0.55,0.53,0.51,0.5,0.48,0.47,0.29,0.23,0.21,0.2,0.19,0.19,0.18,0.17,0.17,0.16,0.16,0.16,0.16,0.15,0.16,0.14,0.12,0.1,0.06,0.04,155.71,122,25,1274,307,7132,1233,14851,1932,25134,2530,39549,3614,55993,6000,147,1601,8443,16916,27904,43482,62492,144055,15641,117503,2181,7735,4642,1380,914,1036,606,876,2075,480,455,1654,1069,667,2656,302,272,1133,571,1005,212,258,335,,888,165,414,667,554,188,182,128,434,516,,,188,,224,,550,,,168,545,417,264,,146,136,146,,,132,,,,,,,,,,,,,155.72
998869541274792,,201765839840980,Hometalk,"6 Walmart bin ideas to make your home prettier & more organized!",181,"04/21/2023 15:04",,,Lifetime,4292331,4287590,491,7260,19788,1878348,373904,77730618.02,20.03,373904,328466,6858,38580,0,68382316.27,1502136.59,7846332.27,0,19.82,15.18,23.67,0,1,0.88,0.67,0.61,0.55,0.34,0.28,0.27,0.26,0.24,0.22,0.19,0.18,0.17,0.16,0.15,0.15,0.15,0.14,0.14,0.13,0.11,0.1,0.09,0.08,0.08,0.07,0.06,0.06,0.05,0.05,0.05,0.05,0.05,0.04,0.04,0.04,0.04,0.04,0.03,0.01,1,1,1,1,0.93,0.59,0.51,0.49,0.47,0.44,0.42,0.35,0.34,0.32,0.31,0.31,0.29,0.29,0.28,0.28,0.26,0.22,0.21,0.2,0.19,0.19,0.16,0.15,0.14,0.14,0.13,0.13,0.13,0.12,0.11,0.11,0.11,0.11,0.1,0.09,0.04,1030.33,5591,576,67990,6011,270745,22674,388817,28739,386418,25133,334911,20660,284439,21643,6239,74926,295416,420557,414469,358128,308600,1738911,125436,1583584,19598,77332,18570,7698,5337,9004,3317,3757,8198,3586,1960,8917,4899,2729,22115,1429,1223,5920,2075,8960,1160,1185,1512,,4246,,1698,3728,4921,,,2724,3349,2778,,,1458,,969,,4208,1197,,,3501,2211,1930,2233,960,1113,1149,,,,841,,,,,,,988,825,,,,1030.36
219767410656174,,201765839840980,Hometalk,"6 genius ways to upgrade your window treatments on a budget!",187,"04/23/2023 15:04",,,Lifetime,195142,195142,12,186,737,68791,15406,3236886.78,19.37,15406,8652,71,6683,0,1805226.77,17290.42,1414369.59,0,20.93,10.89,17.85,0,1,0.81,0.65,0.57,0.52,0.49,0.39,0.28,0.26,0.24,0.22,0.2,0.19,0.17,0.17,0.16,0.14,0.14,0.13,0.12,0.11,0.1,0.1,0.09,0.09,0.08,0.08,0.08,0.07,0.07,0.06,0.06,0.06,0.06,0.06,0.05,0.05,0.04,0.04,0.04,0.02,1,1,1,1,0.95,0.91,0.74,0.54,0.5,0.47,0.43,0.41,0.39,0.37,0.36,0.34,0.31,0.3,0.29,0.28,0.26,0.25,0.24,0.23,0.22,0.22,0.22,0.22,0.2,0.19,0.19,0.18,0.18,0.18,0.18,0.17,0.16,0.16,0.15,0.15,0.09,37.79,55,14,715,135,4041,456,9398,750,14584,997,17706,1066,16937,1370,70,864,4527,10229,15718,18907,18476,63436,4788,38347,2071,4070,2917,989,700,851,472,698,1252,359,270,1275,872,509,2159,207,174,729,355,921,142,176,246,,527,121,261,665,416,116,164,124,375,419,,,117,,130,,348,,,92,459,238,240,129,100,94,116,,,,,,,,,,,,,,,,37.79
1404103447006246,,201765839840980,Hometalk,"The genius backyard idea EVERYONE will be copying!",199,"04/24/2023 10:04",,,Lifetime,3329723,3047135,233,1070,6375,1698441,567109,103102977.85,37.31,567109,483184,2512,81426,0,87406940.03,476186.76,15222157.15,0,37.59,29.57,36.07,0,0.99,0.85,0.66,0.58,0.48,0.43,0.38,0.35,0.32,0.31,0.29,0.27,0.26,0.24,0.24,0.23,0.22,0.22,0.21,0.2,0.19,0.18,0.17,0.16,0.15,0.14,0.13,0.13,0.13,0.13,0.12,0.12,0.12,0.12,0.11,0.1,0.06,0.04,0.03,0.01,0.01,1,1,0.99,0.99,0.85,0.77,0.69,0.65,0.61,0.58,0.55,0.53,0.51,0.49,0.48,0.47,0.46,0.45,0.44,0.44,0.43,0.42,0.41,0.4,0.39,0.38,0.37,0.37,0.38,0.38,0.35,0.35,0.35,0.36,0.35,0.31,0.19,0.13,0.09,0.04,0.03,1598.55,453,461,8491,7992,59262,82425,139788,236955,178728,245050,203226,204947,184017,129864,934,16845,142593,380954,428296,411733,317071,773965,907694,554488,228759,56845,105574,93063,48116,84563,36679,24034,26274,24868,11837,43290,25943,27188,17994,12349,12057,14304,43949,11507,10344,9720,8407,4399,5029,7134,11440,10187,4223,4569,5869,2877,8718,5394,3269,6422,8205,4625,4722,4026,2792,,,,3123,,2652,,,,,,2735,,,,,,,,,,,,,,1599.16
1200142820685639,,201765839840980,Hometalk,"Got a blank wall? This is GENIUS!",146,"04/24/2023 15:04",,,Lifetime,89978,84173,15,32,342,28113,5215,950762.32,12.04,5215,2404,15,2796,0,430447.04,2693.28,517622,0,13.21,10.48,11.22,0,0.99,0.88,0.5,0.4,0.34,0.29,0.26,0.23,0.21,0.19,0.18,0.17,0.17,0.16,0.16,0.15,0.15,0.14,0.13,0.13,0.12,0.12,0.12,0.11,0.11,0.11,0.11,0.11,0.11,0.11,0.11,0.11,0.11,0.1,0.08,0.07,0.05,0.04,0.02,0.02,0.01,1,1,1,0.99,0.98,0.86,0.77,0.7,0.65,0.61,0.58,0.55,0.54,0.52,0.51,0.49,0.48,0.47,0.45,0.44,0.42,0.42,0.41,0.41,0.41,0.4,0.41,0.41,0.41,0.41,0.41,0.42,0.42,0.38,0.31,0.28,0.21,0.16,0.1,0.07,0.05,0,13,6,194,56,1305,214,3234,384,5186,486,7219,537,8209,840,19,254,1533,3648,5718,7810,9131,25360,2523,17680,546,1776,1118,316,247,278,155,184,641,130,89,357,228,195,604,59,62,317,152,248,38,53,93,30,174,35,124,149,174,35,43,34,106,91,,32,37,,72,,115,,,48,89,72,81,40,,,35,,,,,,,,,,,,,,,,
735160334979029,,201765839840980,Hometalk,"5 budget ways to fake high-end lighting!",193,"04/25/2023 15:04",,,Lifetime,240678,235939,22,247,880,94062,18778,3704774.48,17.91,18778,12796,197,5785,0,2504555.11,40236.22,1159983.15,0,18.55,12.71,16.89,0,1,0.8,0.53,0.48,0.44,0.27,0.22,0.2,0.19,0.18,0.18,0.17,0.16,0.13,0.12,0.11,0.11,0.1,0.1,0.1,0.09,0.08,0.07,0.07,0.06,0.06,0.05,0.05,0.05,0.05,0.05,0.05,0.05,0.05,0.04,0.04,0.04,0.04,0.04,0.04,0.01,1,1,1,1,0.95,0.6,0.51,0.47,0.45,0.44,0.43,0.41,0.41,0.34,0.31,0.3,0.28,0.28,0.27,0.27,0.26,0.23,0.22,0.21,0.21,0.2,0.2,0.19,0.19,0.19,0.19,0.19,0.18,0.18,0.17,0.17,0.16,0.16,0.16,0.15,0.07,49.15,95,49,1302,291,5903,930,12301,1345,19276,1478,22979,1773,23205,2330,145,1625,6881,13757,20928,24957,25768,85061,8196,56566,2488,5893,3651,1602,989,1037,665,655,2025,388,319,1665,1117,565,1989,250,293,898,394,1202,228,213,270,150,626,168,252,552,419,162,185,152,463,370,,,190,,155,115,346,,,117,406,280,212,134,,,,,,,,,,,,,,,96,,,,49.15
766952811625477,,201765839840980,Hometalk,"Wrap string light around a Dollar Store basket for this BREATHTAKING idea!",181,"04/26/2023 15:04",,,Lifetime,8132965,7865194,3150,17372,51022,3353542,1377982,215315610.09,31.15,1377982,1125902,62427,189653,0,175538214.85,9947877.3,29829517.94,0,30.79,27.94,34.86,0,0.99,0.82,0.62,0.56,0.51,0.49,0.46,0.44,0.42,0.4,0.38,0.37,0.36,0.34,0.32,0.3,0.28,0.27,0.26,0.25,0.24,0.22,0.21,0.2,0.19,0.18,0.18,0.16,0.16,0.15,0.15,0.15,0.15,0.14,0.11,0.07,0.05,0.03,0.02,0.01,0.01,1,1,1,0.99,0.96,0.92,0.88,0.84,0.82,0.79,0.76,0.74,0.72,0.69,0.67,0.63,0.59,0.57,0.55,0.54,0.52,0.5,0.49,0.48,0.47,0.46,0.46,0.45,0.43,0.42,0.41,0.42,0.42,0.41,0.32,0.21,0.16,0.11,0.07,0.04,0.03,4106.25,2334,537,38499,5292,226037,22420,478409,37337,718365,48291,863892,55852,768282,61316,2935,44521,250439,519806,772394,927124,836806,3095818,231045,2379551,51083,194976,183059,69122,21683,17817,12104,9988,67984,11881,5114,17559,13193,17716,34114,4410,12193,23551,25875,12917,6136,5944,3107,3479,9844,2337,15129,7211,7406,1639,2203,,5944,6005,,3153,2662,,1834,3444,9870,,,,6351,4408,2741,,1987,,,,2801,3361,,,,,,,,,,,,,4107.93
551807837081678,,201765839840980,Hometalk,"10 genius kitchen hacks we never would've thought of!",200,"04/28/2023 14:04",,,Lifetime,591959,564048,41,920,4474,286003,80817,14566369.88,29.43,79754,64154,656,16010,0,11559100.47,131460.63,2876255,0,30.25,17.97,27.28,0,1,0.85,0.68,0.45,0.39,0.37,0.34,0.32,0.31,0.29,0.25,0.23,0.22,0.21,0.19,0.18,0.17,0.16,0.15,0.13,0.12,0.11,0.1,0.09,0.09,0.08,0.08,0.08,0.07,0.07,0.06,0.06,0.06,0.06,0.06,0.05,0.05,0.05,0.05,0.05,0.02,1,1,1,1,0.89,0.86,0.8,0.76,0.73,0.7,0.62,0.58,0.57,0.55,0.5,0.48,0.47,0.43,0.4,0.36,0.34,0.32,0.3,0.29,0.28,0.27,0.27,0.27,0.26,0.26,0.23,0.23,0.22,0.22,0.21,0.21,0.2,0.2,0.19,0.19,0.09,119.18,975,905,5674,2410,23142,3816,42823,4316,56154,4132,65768,4199,63860,5599,1892,8170,27094,47517,60756,70510,70066,258396,25377,88367,7776,10678,11234,5203,5012,6314,6729,3186,4648,1929,2074,5411,8027,2620,4339,1675,1180,4722,1419,2900,1042,1292,1740,1214,31192,,1119,1792,2864,922,,2979,1809,1024,,,2823,,2695,,,933,,1202,1270,7327,2080,2328,,,,,,,,,,,,,,2212,1039,1098,962,,119.27
262263449506053,,201765839840980,Hometalk,"10 genius kitchen hacks we never would've thought of!",200,"04/28/2023 15:04",,,Lifetime,82837,78287,13,68,281,27577,6436,1252658.4,18.14,6436,2891,61,3484,0,539190.76,11232.89,702234.75,0,24.74,19.71,15.05,0,1,0.79,0.61,0.38,0.33,0.31,0.29,0.27,0.26,0.24,0.2,0.19,0.19,0.17,0.16,0.15,0.15,0.13,0.12,0.11,0.1,0.09,0.08,0.08,0.07,0.07,0.07,0.07,0.06,0.06,0.06,0.06,0.05,0.05,0.05,0.05,0.05,0.05,0.04,0.04,0.02,1,1,1,1,0.88,0.84,0.79,0.74,0.72,0.68,0.59,0.56,0.55,0.53,0.49,0.47,0.46,0.41,0.39,0.36,0.34,0.32,0.31,0.29,0.29,0.28,0.28,0.28,0.27,0.27,0.25,0.24,0.24,0.23,0.22,0.22,0.21,0.21,0.21,0.2,0.11,17.6,16,5,296,44,1501,206,3247,292,5106,324,7103,387,8224,580,22,345,1714,3567,5486,7549,8891,25493,1838,17580,422,1872,1065,249,200,182,119,165,612,92,59,387,203,139,704,68,40,254,117,283,33,49,62,,202,36,104,161,137,40,46,36,129,119,,,49,,35,,138,33,,,106,89,56,59,,,35,,,31,33,,,,,,,,,,,,17.6
691853722948741,,201765839840980,Hometalk,"5 gorgeous ways to fake a Pottery Barn look on a budget!",200,"04/30/2023 15:04",,,Lifetime,2114133,1949309,257,4577,17268,913969,264133,50763155.19,27.27,264133,218255,7311,38571,0,41781600.94,1551813.89,7430566.98,0,27.84,21.03,25.88,0,1,0.82,0.68,0.6,0.57,0.54,0.51,0.48,0.46,0.3,0.26,0.25,0.24,0.23,0.22,0.18,0.17,0.16,0.16,0.15,0.13,0.1,0.09,0.09,0.08,0.08,0.08,0.07,0.07,0.06,0.06,0.06,0.05,0.05,0.05,0.05,0.05,0.05,0.04,0.04,0.02,1,1,1,1,0.95,0.91,0.87,0.83,0.8,0.54,0.48,0.46,0.44,0.43,0.42,0.35,0.33,0.32,0.32,0.3,0.28,0.23,0.22,0.21,0.21,0.2,0.2,0.19,0.17,0.17,0.16,0.16,0.15,0.15,0.14,0.14,0.14,0.14,0.13,0.12,0.05,550.11,930,251,12716,2038,68755,5738,158824,8820,235936,11310,225631,11591,152147,11730,1196,14931,74949,169112,249195,239122,165459,854939,51478,392499,52903,42816,43522,36308,27907,29489,15055,11603,15632,9202,6196,19308,13999,10189,20291,5897,6364,9058,5684,12357,4673,4003,4228,3267,8894,2926,3511,8123,3178,2206,2669,1556,7735,4306,,2586,2992,,1626,2390,3447,,,,4747,3392,1538,1866,,,,,1497,,,,,,,,,,,,,,550.7
3056404244655214,,201765839840980,Hometalk,"Tape up your hallway door (BRILLIANT!)",118,"05/01/2023 15:05",,,Lifetime,119491,116455,10,56,392,40906,6349,1121137.06,10.92,6349,3716,22,2611,0,653929.98,4325.14,462881.94,0,12.1,9.61,9.61,0,0.99,0.99,0.59,0.44,0.37,0.32,0.28,0.26,0.23,0.22,0.21,0.2,0.18,0.18,0.16,0.16,0.15,0.14,0.14,0.13,0.13,0.12,0.12,0.11,0.11,0.11,0.1,0.1,0.1,0.1,0.09,0.09,0.07,0.06,0.05,0.05,0.04,0.03,0.02,0.02,0.01,1,1,1,1,1,0.99,0.9,0.84,0.77,0.73,0.7,0.66,0.62,0.6,0.56,0.54,0.51,0.5,0.48,0.46,0.45,0.44,0.43,0.42,0.41,0.39,0.38,0.38,0.37,0.37,0.36,0.34,0.29,0.25,0.21,0.18,0.15,0.13,0.08,0.07,0.05,0,28,10,326,82,1800,275,4433,510,7711,595,10625,740,12274,1142,39,415,2092,4991,8377,11463,13526,37197,3354,26148,709,2782,1633,383,343,401,123,276,717,167,128,575,337,222,958,58,94,332,219,446,64,70,107,,187,47,150,267,165,51,89,67,161,168,,47,,,53,,169,46,,52,200,70,84,62,,47,61,,,,,,,,,,,,,,,,
773139391185797,,201765839840980,Hometalk,"6 brilliant ways to makeover Dollar Store bins!",189,"05/02/2023 15:05",,,Lifetime,261074,249705,21,523,1450,109552,29804,5362591,24.59,29804,20641,504,8659,0,3690882.53,90805,1580903.47,0,25.2,16.05,23.95,0,1,0.83,0.64,0.57,0.53,0.38,0.3,0.28,0.27,0.26,0.25,0.25,0.24,0.21,0.2,0.19,0.19,0.18,0.17,0.15,0.14,0.12,0.12,0.1,0.09,0.08,0.08,0.07,0.07,0.07,0.07,0.07,0.07,0.06,0.06,0.06,0.06,0.05,0.05,0.05,0.02,1,1,1,1,0.95,0.71,0.57,0.54,0.52,0.51,0.5,0.48,0.47,0.44,0.42,0.41,0.4,0.38,0.36,0.33,0.3,0.29,0.28,0.24,0.23,0.22,0.21,0.21,0.2,0.2,0.2,0.19,0.19,0.19,0.18,0.17,0.17,0.17,0.16,0.16,0.07,80.51,103,36,1338,238,7528,748,16538,1118,24333,1346,27078,1540,24916,1883,142,1606,8327,17785,25849,28808,27035,101834,6909,68191,2400,5957,3598,1434,1063,1278,590,741,1530,518,308,1304,1087,596,4040,267,289,956,457,1897,228,210,273,,560,,296,756,332,143,173,154,409,602,,,147,,163,121,708,,,,825,276,275,180,177,158,142,,,,146,,,,,,,,,,,,80.52
783635919706663,,201765839840980,Hometalk,"Stuff a pool noodle in a frame for this brilliant decor idea!",482,"05/03/2023 15:05",,,Lifetime,287941,284946,79,199,1389,101075,39519,8735699.63,42.32,39519,24909,173,14437,0,5414210.43,41485.68,3279961.2,0,45,23.46,38.9,0,0.99,0.51,0.41,0.34,0.31,0.28,0.26,0.25,0.22,0.2,0.17,0.16,0.16,0.14,0.13,0.12,0.11,0.06,0.03,0.03,0.02,0.02,0.02,0.02,0.02,0.02,0.02,0.02,0.02,0.02,0.01,0.01,0.01,0.01,0.01,0.01,0.01,0.01,0.01,0.01,0,1,0.98,0.89,0.76,0.71,0.68,0.65,0.63,0.59,0.58,0.57,0.57,0.57,0.53,0.49,0.48,0.45,0.29,0.17,0.14,0.13,0.12,0.12,0.11,0.11,0.11,0.1,0.1,0.1,0.1,0.1,0.1,0.1,0.09,0.09,0.09,0.09,0.08,0.07,0.05,0.03,166.76,43,19,647,122,3336,396,8387,606,16455,893,28997,1406,36394,2376,63,787,3768,9084,17485,30680,39201,94259,5818,68855,1702,7859,3774,1069,575,689,329,515,2623,360,219,938,755,649,1372,200,231,877,463,545,141,158,161,78,365,100,449,316,224,93,142,82,259,253,,86,130,,106,77,329,,,,253,151,125,91,,,,,,77,,,,,,,,,,,,,167.08
1245012433053211,,201765839840980,Hometalk,"Every mom is going to want to COPY this room makeover!",197,"05/04/2023 15:05",,,Lifetime,104525,97486,30,33,517,32215,6771,1448537.37,15.36,6771,2806,6,3959,0,601439.96,1258.14,845839.27,0,17.29,8.39,14.25,0,0.99,0.78,0.51,0.43,0.39,0.36,0.31,0.27,0.23,0.2,0.18,0.17,0.16,0.14,0.14,0.13,0.13,0.12,0.12,0.11,0.11,0.11,0.11,0.1,0.1,0.09,0.09,0.09,0.09,0.09,0.09,0.09,0.07,0.05,0.04,0.04,0.03,0.03,0.02,0.01,0.01,1,1,1,0.99,0.93,0.88,0.77,0.67,0.6,0.52,0.49,0.45,0.42,0.4,0.4,0.39,0.37,0.35,0.35,0.34,0.34,0.33,0.32,0.31,0.3,0.3,0.29,0.3,0.29,0.29,0.29,0.29,0.23,0.19,0.16,0.13,0.11,0.09,0.08,0.05,0.04,0,21,8,284,54,1476,184,3452,339,5514,441,8406,530,10352,840,29,343,1672,3831,6012,9030,11297,29505,2396,19806,587,2010,1538,390,261,316,170,373,668,150,101,466,377,218,580,90,88,322,183,241,56,74,116,,194,42,133,153,187,51,105,47,105,94,,49,61,,58,,123,36,37,,103,102,79,,,42,47,,,,,,,,,,,,,,,,
679514353896368,,201765839840980,Hometalk,"11 budget ways to fake high-end decor!",184,"05/05/2023 15:05",,,Lifetime,156837,150405,10,129,497,59718,9534,2196412.23,16.18,9128,4898,56,4580,0,1127861.52,13879.04,1054671.67,0,16.95,10.78,15.54,0,1,0.78,0.59,0.39,0.35,0.32,0.26,0.22,0.21,0.18,0.16,0.15,0.13,0.12,0.11,0.11,0.1,0.09,0.09,0.09,0.08,0.08,0.08,0.07,0.07,0.07,0.06,0.05,0.05,0.05,0.05,0.05,0.04,0.04,0.04,0.04,0.04,0.04,0.04,0.04,0.01,1,1,1,1,0.94,0.88,0.72,0.64,0.6,0.53,0.49,0.46,0.4,0.38,0.37,0.35,0.33,0.32,0.31,0.3,0.28,0.27,0.26,0.26,0.25,0.24,0.23,0.21,0.21,0.2,0.2,0.19,0.19,0.19,0.19,0.18,0.18,0.18,0.17,0.17,0.08,23.15,59,10,629,116,4076,494,8570,736,12667,917,14702,955,14184,1149,70,755,4594,9372,13692,15777,15458,54887,4377,34268,1476,3399,3002,864,642,638,336,716,1044,321,246,988,636,450,1500,166,160,722,359,564,127,174,159,,470,105,247,368,382,106,188,158,251,257,,87,97,,131,,299,83,,,376,205,158,114,,86,72,,,,,,,,,,,,,,,,23.15
935353774452293,,201765839840980,Hometalk,"12 DIY ideas to surprise your mom with this Mother’s Day!",210,"05/07/2023 15:05",,,Lifetime,480696,463157,52,1378,4851,243360,45253,10542850.25,24.32,45253,26777,1049,17417,0,6082811.48,277201.49,4180746.3,0,25.08,15.79,24.14,0,1,0.81,0.68,0.59,0.41,0.35,0.29,0.27,0.25,0.23,0.18,0.16,0.15,0.14,0.13,0.13,0.13,0.12,0.11,0.1,0.1,0.09,0.09,0.05,0.05,0.05,0.05,0.04,0.04,0.04,0.04,0.04,0.04,0.03,0.03,0.03,0.03,0.03,0.03,0.03,0.01,1,1,1,0.99,0.7,0.61,0.51,0.47,0.45,0.42,0.33,0.3,0.29,0.28,0.26,0.26,0.25,0.24,0.22,0.21,0.2,0.19,0.18,0.14,0.14,0.14,0.13,0.12,0.12,0.12,0.12,0.11,0.11,0.1,0.1,0.1,0.1,0.09,0.09,0.09,0.05,92.01,699,137,6050,849,32637,2796,50426,3699,51695,3351,46870,2974,36991,2811,842,6947,35554,54392,55360,50150,40114,225368,16617,92695,5510,8334,7686,2944,2396,3112,1827,2655,2691,1229,932,3343,2594,1311,23774,1067,,2368,873,18328,486,563,758,,3534,,593,6207,1330,,510,578,1164,3039,,,,,,,1871,,,,9722,1503,526,570,1156,1138,2814,661,,,1545,2523,1017,710,534,,,,,,,,92.05
1819928118439583,,201765839840980,Hometalk,"She HATED her dingy deck, so look what she did!",114,"05/08/2023 15:05",,,Lifetime,172005,167223,36,42,695,60891,19344,2487751.84,16.81,18439,12168,22,7152,0,1563688.46,3581.85,920227.38,0,18.13,10.5,14.99,0,0.99,0.99,0.66,0.55,0.5,0.46,0.42,0.4,0.38,0.35,0.34,0.32,0.31,0.3,0.29,0.28,0.27,0.27,0.26,0.26,0.25,0.25,0.23,0.22,0.22,0.22,0.22,0.22,0.21,0.2,0.17,0.13,0.11,0.09,0.08,0.07,0.05,0.03,0.02,0.02,0.01,1,1,1,0.99,0.99,0.99,0.96,0.93,0.9,0.84,0.8,0.78,0.76,0.74,0.71,0.69,0.67,0.66,0.65,0.65,0.63,0.62,0.61,0.61,0.6,0.6,0.6,0.59,0.58,0.56,0.48,0.37,0.32,0.28,0.24,0.21,0.16,0.11,0.07,0.06,0.05,0,24,8,364,75,1879,259,4722,477,9325,715,16636,1141,22600,2025,32,447,2155,5253,10151,17958,24895,55550,4700,42528,706,4962,2727,468,279,293,143,345,1676,194,122,425,363,313,609,75,145,412,205,274,78,159,99,,214,46,313,153,209,46,64,55,118,122,,55,51,45,,66,158,,,43,80,83,83,45,,,,,,48,,,,,,,,,,,,,
662419019230023,,201765839840980,Hometalk,"5 genius ways to upgrade your patio this summer!",182,"05/09/2023 15:05",,,Lifetime,299316,299316,24,325,1484,132529,25932,5743768.56,23.1,25466,14947,322,10663,0,3253732.88,79965.9,2410064.14,0,24.45,15.05,21.86,0,1,0.82,0.6,0.53,0.48,0.45,0.3,0.27,0.25,0.23,0.21,0.2,0.2,0.16,0.14,0.14,0.13,0.13,0.12,0.12,0.11,0.1,0.1,0.09,0.09,0.09,0.08,0.07,0.07,0.06,0.06,0.06,0.06,0.06,0.06,0.05,0.05,0.05,0.05,0.04,0.02,1,1,1,1,0.95,0.9,0.62,0.57,0.54,0.49,0.46,0.44,0.43,0.36,0.34,0.33,0.32,0.31,0.3,0.29,0.28,0.27,0.26,0.26,0.25,0.25,0.24,0.22,0.22,0.21,0.21,0.21,0.2,0.2,0.2,0.19,0.19,0.18,0.18,0.16,0.07,89.36,65,17,1099,183,7408,708,17775,1208,29404,1543,35680,1892,32085,2258,83,1312,8168,19168,31228,37895,34674,123516,7809,76250,4362,8718,6555,2480,1197,2268,1006,1604,2279,982,483,2295,1576,927,2317,506,393,1405,832,907,378,306,405,120,790,216,490,862,501,202,280,204,602,518,,198,221,,199,181,600,,,,547,409,244,130,141,,,,,,,,,,,,,,,,,,89.44
249141381109917,,201765839840980,Hometalk,"Iron a soda can - this is brilliant!",294,"05/10/2023 15:05",,,Lifetime,684548,632482,242,453,2510,324327,130262,26279910.02,47.36,130262,73242,685,56340,0,14614387.87,137040.99,11529013.04,0,48.36,33.13,46.37,0,0.99,0.72,0.52,0.43,0.38,0.35,0.33,0.31,0.31,0.29,0.28,0.27,0.25,0.23,0.2,0.18,0.17,0.13,0.12,0.12,0.11,0.1,0.1,0.1,0.09,0.09,0.08,0.08,0.07,0.07,0.07,0.06,0.06,0.06,0.06,0.06,0.05,0.05,0.04,0.01,0.01,1,1,0.98,0.84,0.77,0.73,0.69,0.67,0.67,0.66,0.66,0.62,0.59,0.57,0.53,0.51,0.48,0.42,0.4,0.39,0.37,0.36,0.35,0.35,0.34,0.34,0.33,0.31,0.3,0.29,0.28,0.28,0.28,0.28,0.29,0.27,0.26,0.25,0.17,0.07,0.04,510.56,215,66,2895,756,19532,2879,40185,4796,61270,5849,84583,7255,82989,8352,284,3715,22565,45344,67681,92560,92175,291669,29953,202438,5453,17006,17373,3972,2124,2609,1615,2745,8056,1247,849,4593,2628,2384,6643,723,1010,5014,1927,2379,640,860,594,,2336,472,1477,2464,1389,368,527,411,829,1249,,368,669,,544,479,1228,,,,1554,1061,624,398,380,,,,,360,,,,,,,,,,,,,511.18
3327233404192567,,201765839840980,Hometalk,"5 gorgeous ways to upcycle a $2 Walmart ball!",190,"05/12/2023 10:05",,,Lifetime,445913,413750,304,725,2487,214056,39717,9554929.9,24.3,39717,24024,843,14850,0,5855483.21,215656.91,3483675.34,0,23.89,19.02,25.48,0,1,0.85,0.61,0.54,0.49,0.45,0.42,0.41,0.4,0.39,0.36,0.25,0.17,0.12,0.11,0.1,0.1,0.1,0.1,0.1,0.09,0.08,0.08,0.07,0.07,0.05,0.05,0.04,0.04,0.04,0.04,0.04,0.04,0.03,0.03,0.03,0.03,0.03,0.03,0.03,0.01,1,1,1,1,0.95,0.88,0.83,0.81,0.8,0.78,0.72,0.51,0.38,0.28,0.25,0.25,0.24,0.24,0.24,0.23,0.23,0.22,0.21,0.21,0.2,0.18,0.16,0.16,0.16,0.15,0.14,0.14,0.14,0.13,0.13,0.12,0.12,0.11,0.11,0.11,0.06,142.6,223,67,3174,603,21122,2105,38196,2938,46864,2857,49295,2908,39062,2964,291,3834,23365,41443,50105,52611,42402,197936,14442,120454,5597,11553,8710,3522,2657,2361,1822,3168,2898,1434,847,2742,2481,1519,9639,869,725,2208,1034,2338,530,628,657,336,1312,420,675,1578,825,297,441,,766,1113,,,309,,311,307,1626,,,,1894,734,385,382,437,,313,,,,314,,,,,,,,,,,,142.69
1189497215090556,,201765839840980,Hometalk,"Everyone will be rethinking their backyard after seeing this!",177,"05/12/2023 15:05",,,Lifetime,877582,860154,107,275,3608,463968,155080,24193984.68,29.48,155080,126465,426,28191,0,19612878.6,69722.79,4511754.35,0,29.15,20.14,31.28,0,1,0.81,0.56,0.47,0.38,0.34,0.32,0.31,0.3,0.29,0.28,0.27,0.26,0.25,0.23,0.23,0.22,0.22,0.21,0.2,0.19,0.18,0.18,0.17,0.17,0.16,0.16,0.15,0.14,0.14,0.13,0.13,0.11,0.07,0.05,0.04,0.03,0.02,0.02,0.01,0.01,1,1,1,0.99,0.94,0.86,0.82,0.79,0.78,0.76,0.74,0.72,0.7,0.68,0.65,0.63,0.63,0.61,0.6,0.58,0.55,0.52,0.51,0.49,0.48,0.47,0.46,0.43,0.42,0.41,0.41,0.4,0.34,0.21,0.16,0.12,0.1,0.08,0.06,0.04,0.03,0,195,296,3375,4170,30349,37109,60738,63084,56216,37028,60779,24525,62834,18843,500,7656,67841,125126,94222,86081,82548,274486,185055,189999,38368,23711,22248,17285,15754,10015,9522,9318,8091,6114,5864,4923,4836,4828,4810,4342,3813,3411,3298,3040,3022,2976,2956,2434,2395,2200,2185,2141,2053,1937,1918,1887,1854,1729,1661,1577,1547,1541,1473,1445,1165,1128,1087,1071,,,,,,,,,,,,,,,,,,,,,,,
729825865554488,,201765839840980,Hometalk,"9 gorgeous Americana wreath ideas to copy this summer!",188,"05/14/2023 15:05",,,Lifetime,131180,127213,17,136,422,47407,5122,1270899.51,11.08,5122,2072,67,2983,0,519046.6,16183.4,735626.6,0,11.32,10.96,10.92,0,1,0.7,0.43,0.33,0.22,0.16,0.14,0.13,0.12,0.09,0.09,0.08,0.08,0.07,0.07,0.06,0.06,0.05,0.05,0.05,0.05,0.05,0.04,0.04,0.04,0.04,0.03,0.03,0.03,0.03,0.03,0.02,0.02,0.02,0.02,0.02,0.02,0.02,0.02,0.01,0.01,1,1,1,1,0.74,0.57,0.51,0.48,0.44,0.36,0.34,0.33,0.32,0.31,0.29,0.27,0.26,0.24,0.23,0.22,0.22,0.21,0.2,0.19,0.18,0.18,0.16,0.15,0.14,0.14,0.14,0.14,0.13,0.13,0.13,0.12,0.12,0.12,0.12,0.11,0.06,17.1,40,6,596,141,3848,487,6461,704,8473,750,11013,822,12606,1105,47,743,4354,7224,9301,11926,13811,43037,4015,27666,965,2072,1807,628,599,577,336,814,622,258,236,735,516,322,1222,165,108,436,200,451,109,126,177,,662,95,134,402,281,106,129,139,205,268,,,,,149,78,210,73,,86,273,191,157,96,78,,79,,,,,,,,,,,,,,,,17.1
2468014196681684,,201765839840980,Hometalk,"The genius NEW reason everyone's buying Dollar Store picture frames!",184,"05/15/2023 15:05",,,Lifetime,364792,330311,35,240,1513,117760,53180,8460535.46,26.6,51403,39106,383,13693,0,6174076.76,61235.35,2225536.71,0,27.42,22.27,24.69,0,0.99,0.8,0.61,0.55,0.51,0.48,0.46,0.44,0.43,0.43,0.41,0.4,0.39,0.38,0.37,0.35,0.34,0.33,0.32,0.32,0.31,0.28,0.26,0.24,0.23,0.22,0.21,0.2,0.2,0.19,0.18,0.18,0.15,0.11,0.08,0.06,0.05,0.04,0.03,0.01,0.01,1,1,1,0.99,0.95,0.9,0.87,0.85,0.84,0.82,0.79,0.78,0.77,0.76,0.75,0.72,0.71,0.69,0.68,0.67,0.66,0.64,0.61,0.59,0.57,0.57,0.57,0.56,0.56,0.54,0.54,0.54,0.47,0.36,0.27,0.21,0.17,0.13,0.09,0.05,0.04,162.6,106,25,988,236,6479,618,16870,908,26004,1240,30205,1545,29496,2056,136,1247,7140,17907,27475,32035,31822,110148,6628,62452,4209,6516,4792,2280,1375,1611,547,755,1886,634,352,2616,1090,880,5894,289,337,1125,809,2022,308,201,259,,919,208,360,732,563,,178,230,697,716,,154,280,,,,967,,,,2106,288,295,199,197,260,363,,,,240,158,,,,,,,,,,,162.72
624956566195186,,201765839840980,Hometalk,"Wrap string lights around a hanger for this BREATHTAKING idea!",209,"05/16/2023 15:05",,,Lifetime,204593,197552,35,434,1011,74973,14476,3269044.17,19.88,14476,8773,347,5356,0,1929775.41,84792.45,1254476.31,0,22.78,15.98,16.85,0,0.99,0.79,0.63,0.47,0.32,0.29,0.27,0.25,0.24,0.19,0.17,0.16,0.14,0.13,0.12,0.12,0.12,0.11,0.1,0.1,0.09,0.09,0.08,0.08,0.05,0.05,0.05,0.05,0.05,0.05,0.05,0.04,0.04,0.04,0.04,0.03,0.03,0.03,0.03,0.03,0.01,1,1,1,0.93,0.67,0.61,0.57,0.54,0.51,0.41,0.38,0.37,0.33,0.31,0.3,0.29,0.28,0.27,0.25,0.24,0.24,0.23,0.22,0.21,0.18,0.18,0.17,0.17,0.17,0.17,0.16,0.16,0.15,0.15,0.14,0.13,0.13,0.13,0.13,0.12,0.06,60.76,66,16,664,185,3566,510,7668,795,14165,1034,20633,1279,21949,1863,82,859,4106,8530,15300,22095,24001,68711,5682,42850,2093,5614,3512,1199,830,732,532,880,1431,439,270,992,912,499,1830,274,222,825,455,651,224,163,200,108,476,112,223,457,329,99,125,103,352,324,,96,102,,125,94,457,,,,409,189,189,116,,,86,,,,,,,,,,,,,,,,60.76
219065527520952,,201765839840980,Hometalk,"Stick a rake into a pool noodle for this brilliant outdoor hack!",247,"05/17/2023 15:05",,,Lifetime,630771,564285,54,663,2005,205454,73356,15174478.46,39.3,73356,51949,846,20561,0,10442365.14,195796.75,4536455.16,0,48.27,23.94,28.06,0,0.99,0.78,0.64,0.57,0.47,0.4,0.38,0.36,0.33,0.28,0.26,0.24,0.23,0.22,0.21,0.2,0.19,0.18,0.17,0.17,0.14,0.13,0.11,0.11,0.11,0.11,0.1,0.1,0.09,0.08,0.08,0.08,0.07,0.07,0.06,0.05,0.05,0.05,0.05,0.02,0.01,1,1,1,0.97,0.83,0.73,0.69,0.66,0.62,0.55,0.53,0.5,0.48,0.47,0.45,0.45,0.44,0.43,0.43,0.42,0.38,0.35,0.32,0.31,0.31,0.31,0.3,0.29,0.27,0.25,0.24,0.24,0.24,0.23,0.21,0.19,0.18,0.18,0.17,0.08,0.04,292.2,86,44,1412,409,8596,1705,18604,4125,32081,5972,50738,9108,59144,11372,133,1855,10368,22947,38410,60462,71279,170661,32735,134044,3075,16602,8736,2121,1182,1150,679,1445,7689,690,462,1863,1433,1314,2467,393,542,2519,964,889,326,463,405,,1099,194,1042,803,808,201,208,227,483,469,,170,199,,253,251,727,,,148,497,398,348,178,,,,,,158,,,,,,,,,,,,,305.1
621303892984395,,201765839840980,Hometalk,"Cut your cleaning time in half and make your home sparkle with these tips and tricks!",185,"05/18/2023 15:05",,,Lifetime,87343,81747,10,19,188,26752,3255,738256.81,9.58,3230,1420,3,1832,0,320967.98,1022.18,416267.99,0,10.49,5.68,8.99,0,0.99,0.74,0.42,0.34,0.28,0.24,0.22,0.2,0.17,0.16,0.14,0.12,0.11,0.1,0.09,0.08,0.06,0.05,0.05,0.04,0.04,0.04,0.04,0.03,0.03,0.03,0.03,0.03,0.03,0.02,0.02,0.02,0.02,0.02,0.01,0.01,0.01,0.01,0.01,0.01,0.01,1,1,1,1,0.88,0.76,0.71,0.65,0.57,0.53,0.49,0.43,0.38,0.34,0.31,0.28,0.24,0.2,0.18,0.17,0.17,0.16,0.15,0.14,0.13,0.12,0.12,0.12,0.11,0.1,0.1,0.09,0.08,0.07,0.07,0.06,0.06,0.05,0.05,0.04,0.03,0,25,2,237,69,1449,222,3033,327,4711,413,6508,495,8273,749,28,310,1685,3394,5174,7058,9103,24236,2277,15833,570,1576,1160,344,272,303,155,288,476,129,92,412,329,221,582,85,76,254,162,228,56,86,82,,220,38,113,191,158,54,67,58,117,104,,,54,,70,39,130,,,36,92,78,78,61,,,43,,,34,,,,,,,,,,,,,
647350523875743,,201765839840980,Hometalk,"Neighbors are flipping out over her GENIUS laundry basket idea!",199,"05/19/2023 15:05",,,Lifetime,921942,875729,221,2788,6892,472550,82194,18178001.66,22.24,79493,61843,3821,16534,0,13433461.6,912757.35,3832848.84,0,23.61,16.21,19.97,0,1,0.85,0.66,0.57,0.36,0.27,0.25,0.2,0.19,0.17,0.17,0.16,0.14,0.13,0.12,0.12,0.1,0.1,0.09,0.08,0.08,0.08,0.07,0.07,0.07,0.04,0.04,0.04,0.04,0.04,0.04,0.04,0.04,0.03,0.03,0.03,0.03,0.03,0.03,0.03,0.01,1,1,1,1,0.66,0.52,0.47,0.4,0.37,0.35,0.33,0.32,0.29,0.27,0.27,0.25,0.23,0.22,0.2,0.19,0.19,0.18,0.17,0.17,0.16,0.13,0.12,0.12,0.12,0.12,0.11,0.11,0.11,0.1,0.1,0.1,0.1,0.1,0.09,0.09,0.05,200.44,541,214,5068,1349,29384,4702,71718,7958,113762,9755,116097,9480,89835,9104,767,6505,34275,80268,124344,126547,99875,426405,42562,206340,25412,32002,20219,9793,14513,4133,10041,8577,8596,4258,3813,5843,8318,2716,12545,4119,2884,4110,2406,6497,2104,2185,2853,3588,3522,1546,1946,3678,2717,1072,1553,2675,3145,2439,,,,1004,1041,1158,1857,,1108,,2524,1409,1505,,,,,,,,,,,,,1179,1013,,,,,,200.67
763403241910858,,201765839840980,Hometalk,"The GENIUS reason she's coloring a solar light in with a Sharpie",218,"05/21/2023 15:05",,,Lifetime,775810,732555,320,4334,5592,335507,58848,16119766.53,23.46,58180,37860,5120,15873,0,10297849.68,1601601.12,4221671.71,0,23.94,20.31,23.71,0,1,0.79,0.66,0.59,0.56,0.54,0.43,0.22,0.17,0.16,0.15,0.14,0.13,0.12,0.12,0.11,0.11,0.11,0.1,0.09,0.08,0.07,0.06,0.06,0.05,0.05,0.05,0.04,0.04,0.04,0.04,0.04,0.04,0.04,0.03,0.03,0.03,0.03,0.03,0.03,0.01,1,1,1,0.99,0.94,0.92,0.74,0.4,0.33,0.3,0.29,0.27,0.26,0.25,0.24,0.24,0.24,0.23,0.23,0.22,0.21,0.19,0.18,0.16,0.16,0.16,0.15,0.14,0.14,0.13,0.13,0.13,0.13,0.12,0.12,0.12,0.12,0.11,0.11,0.1,0.06,298.68,342,61,3754,777,19753,2761,39635,4070,66476,5402,90748,6610,85200,7545,411,4589,22660,44009,72352,98026,93487,305908,27226,256546,4789,18621,8852,2945,2169,1194,1295,1627,4031,1100,578,1843,1754,1124,3259,585,736,1605,946,1414,374,656,436,334,1376,204,781,1104,827,233,272,225,589,712,,204,,,233,411,995,,,,684,896,319,211,212,,202,,,,,,,,,,,,,,,,299.18
624756879545728,,201765839840980,Hometalk,"The GENIUS reason she's coloring a solar light in with a Sharpie",218,"05/21/2023 15:05",,,Lifetime,97739,93365,23,229,358,29552,5090,1386091.61,16.91,5090,3406,220,1464,0,845823.97,70970.3,469297.34,0,31.13,19.25,9.19,0,1,0.74,0.6,0.53,0.5,0.48,0.39,0.21,0.17,0.16,0.15,0.13,0.12,0.12,0.11,0.11,0.11,0.1,0.09,0.09,0.08,0.07,0.06,0.05,0.05,0.05,0.05,0.04,0.04,0.04,0.04,0.04,0.04,0.04,0.03,0.03,0.03,0.03,0.03,0.03,0.01,1,1,1,0.99,0.94,0.92,0.75,0.43,0.35,0.33,0.32,0.3,0.28,0.27,0.26,0.26,0.26,0.25,0.25,0.24,0.23,0.2,0.19,0.18,0.18,0.17,0.17,0.16,0.15,0.15,0.15,0.14,0.14,0.14,0.13,0.13,0.13,0.13,0.13,0.12,0.06,22.06,20,13,307,70,1605,279,3389,410,5687,473,7554,575,8152,745,33,382,1900,3832,6223,8208,8974,26714,2565,19720,471,2300,1135,327,190,169,117,160,525,114,74,304,262,118,556,57,61,166,124,206,41,54,59,,222,31,96,218,74,30,29,32,74,110,,,,,32,27,110,,,,115,54,46,43,35,32,30,27,,,,,,,,,,,,,,,22.06
1297250524525644,,201765839840980,Hometalk,"Rub cement on a Dollar Store beach ball for this CRAZY cool idea!",197,"05/22/2023 15:05",,,Lifetime,1262827,1152963,535,3274,8744,529915,206902,37211022.57,32.92,206902,157224,10594,39110,0,28188783.83,1935139.22,7091372.69,0,33.35,30.37,32.03,0,0.99,0.82,0.62,0.53,0.47,0.45,0.42,0.4,0.38,0.37,0.34,0.32,0.3,0.27,0.25,0.23,0.22,0.22,0.21,0.2,0.19,0.18,0.17,0.16,0.16,0.15,0.14,0.14,0.14,0.13,0.13,0.13,0.13,0.13,0.13,0.12,0.1,0.06,0.04,0.01,0.01,1,1,1,0.99,0.93,0.89,0.85,0.82,0.79,0.77,0.73,0.69,0.65,0.61,0.57,0.53,0.52,0.52,0.51,0.49,0.49,0.49,0.48,0.48,0.48,0.48,0.47,0.47,0.47,0.46,0.47,0.47,0.47,0.48,0.48,0.46,0.4,0.26,0.16,0.07,0.04,925.46,287,104,2755,864,15706,3649,47127,7981,107322,13707,158355,18642,132583,16901,399,3669,19498,55556,121881,178244,150721,464135,61848,370467,9386,40050,26412,7576,5914,1517,3392,2539,8981,1862,1078,2278,2560,2507,4097,1194,2645,3148,3878,1459,1012,1175,743,1407,1231,496,2057,1107,822,341,496,,813,827,,325,400,,306,766,1556,,397,,697,521,,,,,,,414,593,,,,,,,,,,,,324,926.98
1289624411675903,,201765839840980,Hometalk,"She did WHAT with a Walmart bucket?!",205,"05/23/2023 15:05",,,Lifetime,118223,115459,9,218,657,51520,12434,2360815.43,22.46,12434,4489,226,7719,0,870757.3,40641.92,1449418.25,0,19.78,16.15,24.74,0,1,0.75,0.57,0.49,0.35,0.26,0.24,0.22,0.21,0.2,0.2,0.19,0.17,0.14,0.13,0.12,0.11,0.11,0.1,0.09,0.09,0.08,0.08,0.07,0.07,0.06,0.05,0.05,0.05,0.05,0.05,0.05,0.04,0.04,0.04,0.04,0.04,0.04,0.04,0.04,0.02,1,1,1,0.99,0.74,0.56,0.53,0.51,0.49,0.48,0.47,0.46,0.41,0.36,0.33,0.32,0.31,0.3,0.29,0.28,0.27,0.27,0.26,0.26,0.25,0.23,0.21,0.2,0.2,0.2,0.2,0.2,0.19,0.19,0.18,0.18,0.18,0.18,0.18,0.17,0.08,51.39,51,12,490,121,2990,376,6035,572,9739,689,13671,906,14336,1125,63,622,3380,6670,10507,14695,15583,47312,3801,34224,731,3166,1471,539,359,343,189,397,808,181,139,641,463,266,1212,101,122,415,196,422,85,111,94,,373,64,180,349,255,66,91,83,168,190,,62,,,70,65,324,,,59,234,164,112,,58,,58,,,56,,,,,,,,,,,,,51.39
1239559736694083,,201765839840980,Hometalk,"Wrap a Walmart ball in fabric for this GENIUS decor hack!",194,"05/24/2023 15:05",,,Lifetime,116970,111903,21,69,455,43975,15621,2440112.86,24.83,14953,11400,62,4159,0,1762543.85,11029.77,666549.71,0,25.93,17.88,22.45,0,0.99,0.76,0.52,0.46,0.41,0.39,0.37,0.35,0.34,0.33,0.32,0.29,0.28,0.25,0.24,0.23,0.22,0.21,0.2,0.18,0.16,0.15,0.13,0.12,0.11,0.1,0.09,0.09,0.09,0.08,0.08,0.08,0.08,0.07,0.07,0.04,0.03,0.02,0.02,0.01,0.01,1,1,0.99,0.98,0.94,0.89,0.86,0.84,0.83,0.8,0.78,0.72,0.7,0.66,0.64,0.62,0.61,0.57,0.54,0.51,0.48,0.46,0.43,0.41,0.38,0.36,0.34,0.33,0.33,0.32,0.31,0.31,0.3,0.29,0.28,0.19,0.14,0.1,0.07,0.04,0.03,45.29,35,11,366,77,1855,202,4316,338,8342,487,12272,678,13610,991,46,449,2081,4698,8905,13045,14751,40796,2784,30951,491,2898,1430,483,223,210,152,141,795,131,83,384,243,203,1019,69,86,330,167,356,62,94,60,,207,37,159,236,118,33,39,37,95,117,,35,50,,,48,198,,,39,172,95,56,47,44,,,,,42,,,,,,,,,,,,,45.34
6311854392190872,,201765839840980,Hometalk,"Light up a Dollar Store bottle (this is MAGICAL!)",205,"05/26/2023 15:05",,,Lifetime,105411,99717,141,69,464,48471,6189,1873866.73,20.53,6189,2885,100,3204,0,892977.69,28134.3,952756.57,0,20.4,21.89,20.62,0,1,0.77,0.57,0.47,0.42,0.39,0.35,0.31,0.29,0.28,0.27,0.15,0.09,0.08,0.08,0.07,0.07,0.06,0.05,0.05,0.04,0.04,0.04,0.04,0.03,0.03,0.03,0.03,0.03,0.03,0.03,0.02,0.02,0.02,0.02,0.02,0.02,0.02,0.02,0.02,0.01,1,1,1,0.99,0.91,0.85,0.77,0.71,0.67,0.66,0.63,0.38,0.23,0.22,0.21,0.2,0.19,0.18,0.16,0.15,0.14,0.13,0.13,0.13,0.12,0.12,0.12,0.12,0.12,0.11,0.11,0.1,0.1,0.1,0.1,0.09,0.09,0.09,0.08,0.08,0.04,26.93,38,18,484,92,2944,366,6182,643,9391,686,12632,884,12647,1090,56,592,3336,6882,10155,13603,13846,44318,3779,31655,743,2576,1598,561,374,389,171,289,763,170,137,587,454,251,1255,87,119,380,201,517,77,92,106,,326,,180,413,248,59,85,61,188,237,,,71,,85,,306,56,,67,317,173,122,67,57,,71,,,56,,,,,,,,,,,,,26.95
1304618573765214,,201765839840980,Hometalk,"Stick a Dollar Store container on your wall (BRILLIANT!)",216,"05/28/2023 15:05",,,Lifetime,982523,911934,142,2875,8480,491612,154710,25502139.08,28.68,154710,108966,3608,42136,0,17884460.69,631022.45,6986655.94,0,29.78,18.92,27.35,0,1,0.85,0.73,0.66,0.47,0.37,0.34,0.31,0.3,0.29,0.27,0.26,0.19,0.17,0.14,0.12,0.12,0.12,0.11,0.1,0.1,0.09,0.08,0.06,0.05,0.05,0.05,0.05,0.05,0.05,0.05,0.04,0.04,0.04,0.04,0.04,0.03,0.03,0.03,0.03,0.01,1,1,1,0.99,0.73,0.59,0.55,0.5,0.49,0.48,0.46,0.44,0.35,0.31,0.25,0.24,0.23,0.23,0.22,0.22,0.21,0.2,0.18,0.15,0.14,0.14,0.13,0.13,0.13,0.13,0.13,0.12,0.12,0.11,0.11,0.11,0.11,0.11,0.1,0.1,0.05,384.39,966,198,15924,1401,76649,4339,110273,5337,107303,4880,86476,4120,65899,4556,1178,17566,81463,116366,112907,91204,71027,463490,24831,298717,11125,21892,15473,8741,5497,3584,3441,4163,8426,2282,1682,5631,4930,2525,17836,1425,1349,4860,1582,6313,1061,1253,1227,983,8680,662,1541,3435,2037,783,825,,1460,1760,,,786,,932,638,3301,,,,2452,2608,1102,909,787,,591,,,869,,,,,,,,,,,,,386.63
1920190451667676,,201765839840980,Hometalk,"Turn an ugly old nightstand into THIS! (Genius!)",195,"05/30/2023 15:05",,,Lifetime,171277,165647,29,156,777,65854,16715,3328033.78,21.39,16636,7159,112,9445,0,1451627.28,24671.74,1851941.12,0,22.23,14.69,20.91,0,0.99,0.82,0.65,0.59,0.54,0.47,0.37,0.32,0.29,0.27,0.24,0.22,0.2,0.18,0.18,0.17,0.16,0.14,0.13,0.12,0.11,0.1,0.09,0.09,0.08,0.06,0.06,0.06,0.06,0.06,0.05,0.05,0.05,0.05,0.05,0.05,0.04,0.04,0.04,0.04,0.02,1,1,0.99,0.99,0.95,0.84,0.68,0.6,0.56,0.52,0.47,0.42,0.4,0.39,0.37,0.36,0.35,0.3,0.28,0.27,0.25,0.24,0.23,0.22,0.22,0.19,0.18,0.18,0.17,0.17,0.17,0.17,0.17,0.16,0.15,0.15,0.14,0.13,0.13,0.13,0.06,57.2,40,20,553,172,3260,567,6883,907,11514,1015,17032,1308,20206,1820,61,733,3849,7865,12638,18484,22225,59488,5809,40622,1164,3629,2349,728,482,632,290,585,1316,249,269,1077,767,389,1451,159,186,714,285,675,97,166,193,115,766,111,292,486,340,130,126,,263,332,,,108,,179,83,340,83,,,342,320,159,102,,,80,,,,,,,,,,,,82,,,,57.23
1255104118451513,,201765839840980,Hometalk,"Buy an $11 Walmart mirror (BRILLIANT!)",198,"04/02/2023 15:04",,,Lifetime,5438471,5244783,710,6732,36718,2695402,878785,122593504.73,24.7,878785,760068,12270,106443,0,105223677.99,1782191.73,15587077.53,0,24.64,17.64,26.35,0,1,0.78,0.57,0.51,0.47,0.42,0.38,0.37,0.35,0.33,0.31,0.29,0.28,0.17,0.13,0.12,0.12,0.11,0.11,0.1,0.09,0.08,0.08,0.08,0.07,0.07,0.06,0.06,0.05,0.05,0.04,0.04,0.04,0.03,0.03,0.03,0.03,0.02,0.02,0.02,0.01,1,1,1,1,0.95,0.88,0.81,0.78,0.75,0.72,0.68,0.65,0.63,0.4,0.32,0.3,0.28,0.27,0.26,0.25,0.24,0.23,0.22,0.22,0.21,0.21,0.21,0.19,0.16,0.15,0.15,0.14,0.13,0.12,0.12,0.11,0.11,0.1,0.1,0.1,0.06,1699.11,7825,649,181598,11936,622473,47734,638239,50037,484436,35777,325337,24422,223922,20418,8629,195968,674727,693164,523984,352523,246390,2483830,190973,2385837,12935,73192,25435,9096,6312,3883,3190,3936,14250,2301,1823,7842,3755,3439,43476,1493,1651,4894,2892,6039,1242,1425,1280,,4237,,2555,3774,5486,792,888,1367,2312,3559,,,935,,,761,8572,,,,3754,2328,1665,991,1233,883,969,,,1059,,1031,,,,,,,,,,,1699.34
